x,y,z
32.3821664733041,-99.7539460179922,0
32.3821664630710,-99.7539460210258,0
32.3821664662758,-99.7539460596300,0
32.3821665096575,-99.7539460582942,0
32.3821664641718,-99.7539460575239,0
32.3821664223925,-99.7539460587133,0
32.3821664103289,-99.7539460981771,0
32.3821663596908,-99.7539461635238,0
32.3821663082776,-99.7539461695149,0
32.3821662572226,-99.7539461732198,0
32.3821661924497,-99.7539461650035,0
32.3821660385161,-99.7539460849650,0
32.3821660255081,-99.7539460760411,0
32.3821659818658,-99.7539460698763,0
32.3821659493230,-99.7539460605740,0
32.3821659987300,-99.7539460287083,0
32.3821660411086,-99.7539459967527,0
32.3821660026122,-99.7539459405467,0
32.3821659672684,-99.7539458869039,0
32.3821659610412,-99.7539458116260,0
32.3821659610282,-99.7539457985571,0
32.3821659705904,-99.7539458009435,0
32.3821659771628,-99.7539458029081,0
32.3821659232613,-99.7539458669697,0
32.3821658823483,-99.7539458722463,0
32.3821658707603,-99.7539458741318,0
32.3821658556744,-99.7539458703685,0
32.3821657698228,-99.7539457488171,0
32.3821657200771,-99.7539456791974,0
32.3821657089711,-99.7539456069506,0
32.3821656919897,-99.7539455277160,0
32.3821656268650,-99.7539454514662,0
32.3821655492143,-99.7539453495326,0
32.3821654400369,-99.7539451626986,0
32.3821653149593,-99.7539449116077,0
32.3821652285671,-99.7539446194738,0
32.3821651745354,-99.7539444557065,0
32.3821651109218,-99.7539443210920,0.3
32.3821650715265,-99.7539442467593,0.3
32.3821652105565,-99.7539443423271,0.3
32.3821656482562,-99.7539446806064,0.7
32.3821657964642,-99.7539449397938,0.7
32.3821659371748,-99.7539451962107,0.7
32.3821660548266,-99.7539454586776,0.3
32.3821664668946,-99.7539461596375,0.3
32.3821665739420,-99.7539463246633,0.3
32.3821666858291,-99.7539464709176,0.3
32.3821667548230,-99.7539465404574,0.3
32.3821667357572,-99.7539464494650,0.3
32.3821669497217,-99.7539464120451,0.3
32.3821671513850,-99.7539463693695,0.3
32.3821673234952,-99.7539462918587,0.3
32.3821674834768,-99.7539462230334,0.3
32.3821677453990,-99.7539455804566,0.3
32.3821678941476,-99.7539455179280,0.3
32.3821680249670,-99.7539455379871,0.3
32.3821681317538,-99.7539455643219,0.3
32.3821681797376,-99.7539456704245,0.3
32.3821682625830,-99.7539457239195,0.3
32.3821683175267,-99.7539458193269,0.3
32.3821683904289,-99.7539459154462,0.3
32.3821685228084,-99.7539462257139,0.3
32.3821686575100,-99.7539463965203,0.3
32.3821687783927,-99.7539465504356,0.3
32.3821690613316,-99.7539467053659,0.3
32.3821692055889,-99.7539467549164,0.3
32.3821692743906,-99.7539467763188,0.3
32.3821693313211,-99.7539467921594,0.3
32.3821694195795,-99.7539468025630,0.3
32.3821694904135,-99.7539466874769,0.7
32.3821695171819,-99.7539467841801,0.7
32.3821695349840,-99.7539468773242,0.7
32.3821695979983,-99.7539469051546,0.7
32.3821696050104,-99.7539469200309,0.7
32.3821696478840,-99.7539469645571,0.7
32.3821696889339,-99.7539470105985,0.7
32.3821697310878,-99.7539470610333,1
32.3821697045050,-99.7539470906135,1
32.3821697786481,-99.7539470693422,1
32.3821698611581,-99.7539470384180,1
32.3821699646359,-99.7539470326603,1.3
32.3821700946933,-99.7539469684091,1.3
32.3821701911427,-99.7539468953406,1.3
32.3821702822346,-99.7539468302450,1.3
32.3821704056023,-99.7539468118058,1.6
32.3821705266511,-99.7539467944068,1.6
32.3821705237427,-99.7539466119397,1.6
32.3821705716775,-99.7539465938935,2
32.3821706386945,-99.7539465754904,2
32.3821706895020,-99.7539465722926,2
32.3821710175227,-99.7539464957974,2.3
32.3821711659651,-99.7539464979783,2.3
32.3821711647862,-99.7539465320965,2.3
32.3821711661573,-99.7539465533842,2.6
32.3821711159687,-99.7539467126604,2.6
32.3821711917532,-99.7539467438312,2.6
32.3821712179516,-99.7539467552822,3
32.3821712395610,-99.7539467596534,3
32.3821711715312,-99.7539465766518,3
32.3821712014489,-99.7539465108367,3.3
32.3821711386692,-99.7539465439633,3.3
32.3821710724045,-99.7539465773809,3.3
32.3821709167937,-99.7539465707647,3.6
32.3821704006453,-99.7539465861469,3.6
32.3821703896338,-99.7539465508876,3.9
32.3821703801562,-99.7539465290712,3.9
32.3821703492158,-99.7539466182167,3.9
32.3821704202192,-99.7539467875111,4.3
32.3821704983324,-99.7539468012976,4.3
32.3821705640564,-99.7539468125754,4.6
32.3821707071250,-99.7539468300180,4.6
32.3821711598064,-99.7539468732864,4.9
32.3821712332231,-99.7539468122736,4.9
32.3821712988234,-99.7539467476953,5.2
32.3821712779174,-99.7539466803821,5.2
32.3821712457394,-99.7539466291522,5.2
32.3821710560354,-99.7539466551383,5.6
32.3821708954383,-99.7539466706689,5.6
32.3821710266518,-99.7539465594203,5.9
32.3821711446488,-99.7539464609413,5.9
32.3821714528644,-99.7539462386071,6.2
32.3821715469657,-99.7539461768494,6.2
32.3821716084590,-99.7539462105009,6.2
32.3821716693107,-99.7539462312973,6.6
32.3821718139425,-99.7539464538978,6.6
32.3821719069039,-99.7539464526134,6.6
32.3821719990315,-99.7539465468472,6.9
32.3821720688657,-99.7539466221848,6.9
32.3821718078685,-99.7539463225103,6.9
32.3821717660207,-99.7539461627719,7.2
32.3821719322816,-99.7539459832198,7.2
32.3821720912991,-99.7539458206367,7.5
32.3821721932462,-99.7539453136044,7.5
32.3821722200048,-99.7539451977519,7.5
32.3821719983117,-99.7539451979592,7.5
32.3821717814258,-99.7539452065338,7.9
32.3821715200670,-99.7539452808956,7.9
32.3821704234598,-99.7539456105180,8.2
32.3821704614970,-99.7539456180420,8.2
32.3821704889428,-99.7539456133157,8.2
32.3821704289998,-99.7539454721611,8.5
32.3821706245271,-99.7539450685554,8.5
32.3821707218201,-99.7539449859836,8.5
32.3821708146186,-99.7539449246734,8.9
32.3821708229888,-99.7539449551170,8.9
32.3821710318465,-99.7539450781430,8.9
32.3821708764343,-99.7539451557191,8.9
32.3821707249402,-99.7539452181242,8.9
32.3821707244223,-99.7539452048816,8.9
32.3821707625116,-99.7539451822632,8.9
32.3821710808561,-99.7539451450182,8.9
32.3821713907132,-99.7539451156352,8.9
32.3821716330322,-99.7539451395350,8.9
32.3821718452412,-99.7539451461924,8.9
32.3821720724711,-99.7539449130380,8.9
32.3821720984057,-99.7539447872219,8.9
32.3821720519885,-99.7539446612308,8.9
32.3821719995298,-99.7539445420625,8.9
32.3821716156502,-99.7539443628109,8.9
32.3821715453079,-99.7539442747564,8.9
32.3821715314564,-99.7539442404855,8.9
32.3821714991350,-99.7539442100976,8.9
32.3821714588310,-99.7539443636852,8.9
32.3821713756664,-99.7539443562936,8.9
32.3821712496769,-99.7539443830355,8.9
32.3821711323150,-99.7539444066613,8.9
32.3821706683127,-99.7539447651778,8.9
32.3821704898124,-99.7539448183451,8.9
32.3821704177277,-99.7539448416223,8.9
32.3821703686855,-99.7539448466624,8.9
32.3821704194376,-99.7539448624142,8.9
32.3821707403941,-99.7539450922288,8.9
32.3821708190056,-99.7539450741661,8.9
32.3821708992618,-99.7539450492438,8.9
32.3821710285017,-99.7539450379672,8.9
32.3821715815636,-99.7539451498327,8.9
32.3821716716719,-99.7539451135171,8.9
32.3821717662389,-99.7539450642126,8.9
32.3821718918245,-99.7539449638222,8.9
32.3821721571729,-99.7539448411335,8.9
32.3821721617749,-99.7539447521185,8.9
32.3821720952563,-99.7539446099109,8.9
32.3821718019116,-99.7539443598845,8.9
32.3821711832429,-99.7539440796623,8.9
32.3821708167616,-99.7539435639966,8.9
32.3821704227563,-99.7539429544880,8.9
32.3821698762082,-99.7539421276613,8.9
32.3821693123692,-99.7539412258097,8.9
32.3821680125355,-99.7539399020455,8.9
32.3821673601157,-99.7539388063690,8.9
32.3821665972873,-99.7539375543180,8.9
32.3821658305052,-99.7539363094917,8.9
32.3821646302703,-99.7539351261791,8.9
32.3821638119576,-99.7539338674725,8.9
32.3821631255359,-99.7539324938701,8.9
32.3821624513341,-99.7539311117927,8.9
32.3821614721246,-99.7539296881136,8.9
32.3821605373392,-99.7539280873822,9.2
32.3821596390829,-99.7539263928499,9.2
32.3821587553850,-99.7539246387287,9.5
32.3821577090902,-99.7539231830160,10.2
32.3821566531094,-99.7539212176862,10.8
32.3821554679669,-99.7539188327974,11.5
32.3821542884849,-99.7539165082962,12.8
32.3821528078711,-99.7539138798076,13.8
32.3821506433629,-99.7539109332369,15.1
32.3821489786046,-99.7539084007021,16.1
32.3821474357711,-99.7539059697814,17.4
32.3821461765736,-99.7539033139607,18.4
32.3821450761428,-99.7539008640003,19
32.3821440559031,-99.7538981327312,19.4
32.3821431213977,-99.7538955635930,20
32.3821421183804,-99.7538930513506,20.3
32.3821416771112,-99.7538901208906,21
32.3821407876616,-99.7538877688266,21.7
32.3821399214140,-99.7538854783295,22.3
32.3821391159075,-99.7538835038223,23.3
32.3821383293169,-99.7538816512468,24
32.3821377531539,-99.7538800432855,24.9
32.3821373902779,-99.7538788757970,25.9
32.3821370001093,-99.7538773100941,26.9
32.3821368598611,-99.7538762906776,28.2
32.3821364359381,-99.7538744183119,29.2
32.3821363675500,-99.7538737974799,30.5
32.3821365486199,-99.7538738278449,31.5
32.3821367105784,-99.7538739394656,32.5
32.3821343641274,-99.7538779380672,33.5
32.3821340872268,-99.7538787378636,34.1
32.3821338930186,-99.7538790412399,34.4
32.3821337236604,-99.7538793395647,34.8
32.3821338101568,-99.7538791348810,35.1
32.3821336944461,-99.7538793485520,35.1
32.3821337026535,-99.7538793009580,35.1
32.3821337475985,-99.7538792797577,35.1
32.3821339829738,-99.7538787052265,35.1
32.3821340407250,-99.7538789545016,35.4
32.3821342087608,-99.7538795424580,35.1
32.3821343238006,-99.7538801182015,35.4
32.3821342334155,-99.7538805352374,35.4
32.3821342039732,-99.7538812877542,35.4
32.3821341752670,-99.7538815681146,35.4
32.3821341427046,-99.7538818269501,35.4
32.3821342134312,-99.7538819278997,35.4
32.3821346535019,-99.7538813162934,35.8
32.3821346890997,-99.7538813212536,35.8
32.3821347153763,-99.7538813170338,35.8
32.3821346561270,-99.7538813424234,35.8
32.3821346458222,-99.7538806806618,35.8
32.3821344489694,-99.7538807762150,36.1
32.3821342547351,-99.7538808657023,36.1
32.3821340645002,-99.7538810521628,36.4
32.3821335854185,-99.7538813090001,36.7
32.3821336262990,-99.7538815183954,36.7
32.3821336673293,-99.7538817228508,37.1
32.3821338349873,-99.7538818926454,37.4
32.3821339832279,-99.7538820514240,37.7
32.3821353087682,-99.7538820316489,38.1
32.3821355417790,-99.7538820659142,38.1
32.3821357738844,-99.7538822395786,38.7
32.3821359901027,-99.7538824220578,39
32.3821365067950,-99.7538826458875,39.4
32.3821366125526,-99.7538828454588,39.4
32.3821366074914,-99.7538828664612,39.4
32.3821365751831,-99.7538829006504,39.7
32.3821366180437,-99.7538825665591,39.7
32.3821366662848,-99.7538826690354,40.4
32.3821367993026,-99.7538829166723,40.4
32.3821369419543,-99.7538831539019,40.4
32.3821371069026,-99.7538833512415,40.4
32.3821371935033,-99.7538834877040,40.7
32.3821374663002,-99.7538837834878,40.7
32.3821377245975,-99.7538840720848,41
32.3821380446779,-99.7538841852879,40.7
32.3821388323888,-99.7538842530780,40.7
32.3821390415657,-99.7538843550267,41
32.3821392191117,-99.7538844633355,41.3
32.3821393443065,-99.7538845083683,41.3
32.3821395335187,-99.7538842072134,41.3
32.3821396446176,-99.7538844125311,41.3
32.3821397335958,-99.7538846095816,41.3
32.3821398604321,-99.7538848080472,41.3
32.3821401629318,-99.7538851299154,41.7
32.3821403090749,-99.7538853044774,41.7
32.3821404519936,-99.7538854711731,41.7
32.3821405477136,-99.7538856252248,41.3
32.3821407345222,-99.7538857353949,41.3
32.3821408598668,-99.7538858380284,41.3
32.3821409660218,-99.7538859473313,41.3
32.3821410748865,-99.7538861256922,41.3
32.3821411692125,-99.7538863031046,41.3
32.3821413396389,-99.7538864187727,41.3
32.3821413756731,-99.7538866081242,41.3
32.3821414079163,-99.7538868029178,41.3
32.3821414309360,-99.7538869973919,41.3
32.3821414121568,-99.7538869750504,41.3
32.3821414246046,-99.7538871059188,41.3
32.3821414449081,-99.7538872727209,41
32.3821414523663,-99.7538874368148,41.3
32.3821414984643,-99.7538875855866,41.3
32.3821415005292,-99.7538877690954,41.3
32.3821415070755,-99.7538879881120,41.3
32.3821415117133,-99.7538881837881,41
32.3821416061436,-99.7538881329684,41.3
32.3821416315147,-99.7538881852082,41.3
32.3821416330324,-99.7538882556356,41.3
32.3821416345306,-99.7538883191653,41
32.3821416445618,-99.7538884192324,41
32.3821416580258,-99.7538884478476,40.7
32.3821416887708,-99.7538885828343,40.7
32.3821417248376,-99.7538887101421,40.7
32.3821417603507,-99.7538888128365,40.4
32.3821417806672,-99.7538889781070,40.4
32.3821418437010,-99.7538890703888,40.4
32.3821418951598,-99.7538891601906,40.4
32.3821419322492,-99.7538893119193,40.4
32.3821420255721,-99.7538895128193,40.4
32.3821420407948,-99.7538896965665,40.4
32.3821420636191,-99.7538898752773,40.4
32.3821421052030,-99.7538900114000,40
32.3821421788413,-99.7538901824829,40.4
32.3821422503234,-99.7538902748053,40.4
32.3821423224244,-99.7538903524093,40.4
32.3821424070579,-99.7538904601856,40.4
32.3821424872816,-99.7538905544759,40.4
32.3821426492206,-99.7538905302123,40.4
32.3821427121567,-99.7538905831723,40.4
32.3821428124297,-99.7538906903805,40.4
32.3821429079347,-99.7538907906758,40.4
32.3821431026771,-99.7538908275784,40.4
32.3821432032498,-99.7538908630305,40.4
32.3821432519598,-99.7538909430335,40.4
32.3821432869713,-99.7538910258919,40.4
32.3821434068900,-99.7538911530831,40
32.3821434604267,-99.7538912135139,40
32.3821435018869,-99.7538912732905,40
32.3821435079707,-99.7538912833428,40
32.3821435093517,-99.7538913365057,40.4
32.3821434655400,-99.7538914303902,40.4
32.3821434186082,-99.7538915172655,40.4
32.3821433821767,-99.7538915631757,40
32.3821432189024,-99.7538916266901,40
32.3821431965536,-99.7538916968487,40.4
32.3821431652419,-99.7538917607081,40
32.3821431350180,-99.7538917946436,40
32.3821431376495,-99.7538918195818,40
32.3821430677698,-99.7538918343865,40
32.3821430014400,-99.7538918431354,40.4
32.3821429789414,-99.7538918587769,40.4
32.3821429490822,-99.7538918594311,40.4
32.3821429028084,-99.7538918853888,40.4
32.3821428583323,-99.7538919097538,40.4
32.3821428400156,-99.7538919427156,40.4
32.3821428685850,-99.7538920404547,40.4
32.3821427978780,-99.7538920175859,40.4
32.3821427232692,-99.7538919887424,40.4
32.3821426272105,-99.7538919964617,40.7
32.3821425275302,-99.7538920019951,40.7
32.3821423709781,-99.7538919657620,40.4
32.3821422791730,-99.7538919442473,40.7
32.3821421693311,-99.7538919767780,40.7
32.3821420749661,-99.7538920095166,40.7
32.3821419198144,-99.7538922550741,40.7
32.3821418330184,-99.7538923363298,40.7
32.3821418009706,-99.7538924016853,40.4
32.3821417755929,-99.7538924785235,40.7
32.3821417656985,-99.7538926415573,40.7
32.3821417056871,-99.7538927508551,40.7
32.3821415763561,-99.7538928517642,40.4
32.3821414649770,-99.7538929374780,40.4
32.3821412119364,-99.7538930867875,40.4
32.3821411382851,-99.7538931645690,40.7
32.3821410576966,-99.7538932319025,40.7
32.3821409619767,-99.7538932982167,40.7
32.3821408773693,-99.7538933227592,40.7
32.3821408130327,-99.7538932857603,40.4
32.3821407145574,-99.7538933600372,40.4
32.3821406243547,-99.7538934288517,40.4
32.3821404946459,-99.7538935200684,40.7
32.3821403339184,-99.7538937155467,40.7
32.3821402172958,-99.7538937535093,40.7
32.3821401047703,-99.7538937881448,40.4
32.3821399522958,-99.7538938170441,40.4
32.3821397437117,-99.7538937989377,40.4
32.3821396150255,-99.7538938893633,40.4
32.3821394832975,-99.7538939778920,40.4
32.3821393645187,-99.7538940977087,40.4
32.3821393137699,-99.7538943757513,40.7
32.3821391910634,-99.7538944761684,40.7
32.3821390790851,-99.7538945749878,40.7
32.3821390050495,-99.7538946487321,40.7
32.3821389293594,-99.7538947012560,40.7
32.3821387911762,-99.7538947730781,40.7
32.3821386831648,-99.7538948515037,40.7
32.3821385343315,-99.7538949222861,40.7
32.3821383956727,-99.7538949885393,40.7
32.3821382345089,-99.7538950658999,40.7
32.3821381558746,-99.7538951209393,40.7
32.3821380398186,-99.7538951995983,40.7
32.3821379264073,-99.7538952797788,40.4
32.3821379256647,-99.7538954904523,40.7
32.3821379058824,-99.7538955959462,40.7
32.3821378071010,-99.7538957143226,40.4
32.3821377147421,-99.7538958338503,40.4
32.3821375099555,-99.7538960581011,40.4
32.3821374386232,-99.7538961918451,40.4
32.3821373816146,-99.7538962684550,40.4
32.3821373395226,-99.7538963343938,40.4
32.3821373413986,-99.7538964679552,40.4
32.3821373669912,-99.7538965803723,40.7
32.3821373981010,-99.7538966577734,40.4
32.3821374377112,-99.7538967319742,40.7
32.3821374047906,-99.7538968476828,40.4
32.3821372819669,-99.7538970162449,40.4
32.3821372199622,-99.7538971189950,40.4
32.3821371629146,-99.7538972168407,40.4
32.3821371476789,-99.7538972747356,40.4
32.3821370813491,-99.7538972613612,40.4
32.3821370523237,-99.7538973310481,40.4
32.3821370301182,-99.7538973943241,40.4
32.3821370633059,-99.7538975274595,40.4
32.3821370931716,-99.7538977790728,40.7
32.3821371245615,-99.7538979352495,40.4
32.3821371442005,-99.7538980803595,40.4
32.3821371326385,-99.7538982351009,40.4
32.3821371167905,-99.7538983824729,40.4
32.3821371927216,-99.7538986201234,40.4
32.3821371907610,-99.7538986915093,40.4
32.3821371463110,-99.7538987468988,40.4
32.3821371032810,-99.7538987927278,40.4
32.3821370428722,-99.7538989279680,40.7
32.3821370157684,-99.7538990372557,40.4
32.3821369755393,-99.7538991314953,40.7
32.3821369348152,-99.7538992288439,40.7
32.3821369766922,-99.7538993852336,40.7
32.3821370000181,-99.7538994874207,40.7
32.3821370513271,-99.7538995807322,40.7
32.3821371108369,-99.7538996713099,40.4
32.3821371966299,-99.7538999164109,40.7
32.3821372144516,-99.7539000511896,40.4
32.3821372172069,-99.7539001545788,40.4
32.3821372230888,-99.7539002525056,40.7
32.3821372103935,-99.7539003580249,40.7
32.3821371332964,-99.7539004785822,40.7
32.3821371497567,-99.7539006253709,40.7
32.3821371696107,-99.7539007624167,40.7
32.3821371815179,-99.7539008559767,41
32.3821372482516,-99.7539010093588,41
32.3821372815174,-99.7539011166279,41.3
32.3821372936982,-99.7539012195048,41.3
32.3821372885197,-99.7539013497138,41.3
32.3821372711540,-99.7539015797617,41.3
32.3821371881033,-99.7539016927264,41.7
32.3821371335700,-99.7539018015120,41.7
32.3821371136118,-99.7539018665632,41.7
32.3821369392445,-99.7539018153682,42
32.3821368799692,-99.7539019080254,41.7
32.3821368276180,-99.7539019937189,42
32.3821368015954,-99.7539020307991,42
32.3821367624737,-99.7539020535259,42.3
32.3821365396309,-99.7539020573146,42.3
32.3821364489656,-99.7539020881817,42.3
32.3821363813201,-99.7539021263675,42.3
32.3821363258878,-99.7539021525178,42.7
32.3821362557475,-99.7539022858561,42.7
32.3821362086659,-99.7539023315380,42.7
32.3821361684629,-99.7539023743594,42.7
32.3821361494492,-99.7539024332433,43
32.3821361691208,-99.7539025369774,43
32.3821361755043,-99.7539026159913,43
32.3821361555266,-99.7539027048903,43
32.3821361308654,-99.7539027749271,42.7
32.3821361065820,-99.7539028662098,43
32.3821360575138,-99.7539029016568,43
32.3821359419529,-99.7539029615551,43
32.3821358357848,-99.7539030210729,42.7
32.3821357436084,-99.7539030690778,43
32.3821355316566,-99.7539031518195,43
32.3821354190009,-99.7539033076260,43
32.3821353119991,-99.7539034679768,43.3
32.3821352586773,-99.7539036004428,43.3
32.3821352005028,-99.7539037867157,43.3
32.3821351266040,-99.7539038807422,43.3
32.3821350648078,-99.7539039583107,43.3
32.3821349852485,-99.7539039950206,43.3
32.3821348430007,-99.7539040244422,43.3
32.3821347486747,-99.7539042108572,43
32.3821346414710,-99.7539043245066,43.3
32.3821345368011,-99.7539045210297,43
32.3821344713702,-99.7539045930243,42.7
32.3821344149609,-99.7539046398879,43
32.3821342822883,-99.7539046484441,43
32.3821341646886,-99.7539046397510,43
32.3821339563390,-99.7539046159540,43
32.3821339077723,-99.7539046447823,43
32.3821338969529,-99.7539046706638,43
32.3821338970701,-99.7539047177811,43
32.3821338484969,-99.7539048566933,43
32.3821337984190,-99.7539049908735,42.7
32.3821337481782,-99.7539051624026,42.7
32.3821337009534,-99.7539053196393,42.7
32.3821335397570,-99.7539056230765,42.7
32.3821334507136,-99.7539057729236,42.7
32.3821332993335,-99.7539059183734,42.7
32.3821331404104,-99.7539060520464,42.7
32.3821329847051,-99.7539061539800,42.7
32.3821329161997,-99.7539062307826,42.7
32.3821328335464,-99.7539062686235,42.7
32.3821327650736,-99.7539063001854,42.7
32.3821327109636,-99.7539063390914,42.7
32.3821326461907,-99.7539063015802,42.7
32.3821325902373,-99.7539063053739,42.7
32.3821325190222,-99.7539063035024,42.7
32.3821324184560,-99.7539063558031,42.7
32.3821322540027,-99.7539064302423,42.7
32.3821321147252,-99.7539064645126,43
32.3821319746594,-99.7539064973679,42.7
32.3821318946312,-99.7539065314302,42.7
32.3821317820210,-99.7539066059353,42.7
32.3821316959610,-99.7539066349918,42.7
32.3821316268173,-99.7539066596105,42.7
32.3821315821914,-99.7539067381781,43
32.3821315535503,-99.7539069555921,42.7
32.3821315694114,-99.7539069590662,42.7
32.3821315833834,-99.7539069581432,42.7
32.3821315758730,-99.7539069890762,42.7
32.3821315456817,-99.7539070111032,42.7
32.3821315050227,-99.7539069210377,42.7
32.3821313903868,-99.7539068956279,42.7
32.3821312925889,-99.7539068477346,42.7
32.3821312059101,-99.7539067922032,42.7
32.3821310026607,-99.7539066861057,42.7
32.3821308902525,-99.7539066495328,42.7
32.3821308472160,-99.7539065870225,42.7
32.3821308080356,-99.7539065341031,42.7
32.3821308333351,-99.7539065519762,42.7
32.3821308038798,-99.7539065759203,42.7
32.3821307990336,-99.7539065861755,42.7
32.3821307912301,-99.7539066070664,42.7
32.3821308426498,-99.7539068191955,42.7
32.3821308359211,-99.7539069032762,43
32.3821308194217,-99.7539069895378,43
32.3821308117485,-99.7539070745923,42.7
32.3821307876475,-99.7539070758653,43
32.3821306938622,-99.7539070728729,43
32.3821307009557,-99.7539071119818,43
32.3821307129085,-99.7539071457500,43
32.3821306818638,-99.7539071131787,43
32.3821306361631,-99.7539070709102,43
32.3821305983767,-99.7539070731519,43
32.3821305531060,-99.7539070777165,43
32.3821305584603,-99.7539070649761,43
32.3821305528454,-99.7539070777520,43
32.3821306048775,-99.7539070585755,42.7
32.3821306679178,-99.7539070231336,43
32.3821307226205,-99.7539069169955,42.7
32.3821307973400,-99.7539067267411,42.7
32.3821308320389,-99.7539066131881,42.7
32.3821308724113,-99.7539064937364,42.7
32.3821308938286,-99.7539063931469,42.7
32.3821309055013,-99.7539063009969,42.3
32.3821308638717,-99.7539062643885,42.3
32.3821308765606,-99.7539061849485,42
32.3821309127511,-99.7539061844464,42
32.3821309664832,-99.7539061845884,42.3
32.3821310487457,-99.7539061473612,42.3
32.3821311078973,-99.7539060814579,42.3
32.3821311460029,-99.7539060567328,42.7
32.3821311819850,-99.7539060336965,42.3
32.3821311158962,-99.7539061531532,42.3
32.3821311315684,-99.7539061620137,42.3
32.3821311764288,-99.7539061203892,42.3
32.3821312150359,-99.7539060807174,42.3
32.3821311637595,-99.7539060781917,42.3
32.3821311572457,-99.7539060567125,42.7
32.3821311385837,-99.7539059905708,42.7
32.3821311212506,-99.7539059191646,42.7
32.3821311549593,-99.7539058904733,42.7
32.3821311647951,-99.7539058613711,42.7
32.3821311697261,-99.7539058001086,42.3
32.3821311790082,-99.7539057380040,42.7
32.3821311746896,-99.7539057110980,42.7
32.3821311383492,-99.7539057204150,42.7
32.3821311184366,-99.7539056428414,42.7
32.3821310985175,-99.7539055716735,42.7
32.3821310917562,-99.7539055017483,42.3
32.3821310772761,-99.7539054486412,42.7
32.3821311030250,-99.7539054861068,42.7
32.3821311288847,-99.7539055256619,42.3
32.3821311528619,-99.7539055230195,42.3
32.3821311516373,-99.7539055708164,42.3
32.3821310768983,-99.7539054311181,42.3
32.3821310090377,-99.7539053017054,42.3
32.3821309505701,-99.7539051874067,42.7
32.3821309257200,-99.7539051185364,42.3
32.3821309018470,-99.7539049614468,42.3
32.3821308935420,-99.7539048761184,42.3
32.3821308912947,-99.7539048707524,42.3
32.3821309028567,-99.7539048694946,42.3
32.3821309922713,-99.7539050650337,42.7
32.3821310488955,-99.7539050987411,42.7
32.3821310454432,-99.7539051356538,42.3
32.3821310371121,-99.7539051780746,42.3
32.3821308660213,-99.7539051372463,42.7
32.3821308412494,-99.7539051064857,42.3
32.3821307837262,-99.7539050559044,42.7
32.3821307166799,-99.7539050178201,42.3
32.3821305770832,-99.7539049936021,42.3
32.3821305533275,-99.7539050433618,42.7
32.3821305102388,-99.7539051199819,42.7
32.3821304762239,-99.7539051915352,42.7
32.3821304471725,-99.7539052497699,42.7
32.3821303433754,-99.7539053365742,42.7
32.3821303957918,-99.7539054080362,42.7
32.3821304558879,-99.7539054714492,42.7
32.3821304667203,-99.7539055062216,42.7
32.3821304825618,-99.7539055297296,42.7
32.3821305278065,-99.7539055812593,42.7
32.3821305695207,-99.7539056204848,42.7
32.3821305532363,-99.7539056648835,42.7
32.3821305444101,-99.7539058129707,42.7
32.3821304820146,-99.7539057906242,42.7
32.3821304194303,-99.7539057593767,42.3
32.3821303803802,-99.7539057408138,42.3
32.3821303024819,-99.7539057484317,42.3
32.3821302948934,-99.7539057155511,42.3
32.3821302809604,-99.7539056828784,42.3
32.3821302842955,-99.7539056737288,42.7
32.3821302996615,-99.7539056669528,42.3
32.3821304659321,-99.7539057434157,42.3
32.3821305198141,-99.7539057690436,42.7
32.3821305649415,-99.7539057949251,42.7
32.3821306012363,-99.7539058084517,42.7
32.3821306501547,-99.7539058484937,42.3
32.3821306790433,-99.7539058301287,42.3
32.3821306878630,-99.7539058446595,42.3
32.3821306998288,-99.7539058566848,42.3
32.3821307164910,-99.7539058653373,42.3
32.3821307348534,-99.7539058332225,42.3
32.3821307225423,-99.7539058092429,42.3
32.3821307300918,-99.7539057933123,42.7
32.3821306653644,-99.7539056953804,42.7
32.3821306853747,-99.7539056446216,42.7
32.3821307266069,-99.7539055708215,43
32.3821307891978,-99.7539054908743,42.7
32.3821309068366,-99.7539054062560,42.7
32.3821310181179,-99.7539052581536,42.3
32.3821311652902,-99.7539052029873,42.7
32.3821312702141,-99.7539051611600,42.3
32.3821313619411,-99.7539051975656,42.3
32.3821315394806,-99.7539053502681,42.3
32.3821315530097,-99.7539053724776,42.3
32.3821315647345,-99.7539053949306,42.3
32.3821315654184,-99.7539054179059,42.3
32.3821314978445,-99.7539054725041,42.3
32.3821314642009,-99.7539054162576,42.3
32.3821314283686,-99.7539053643373,42.3
32.3821314138559,-99.7539053410931,42.3
32.3821312924065,-99.7539052281436,42.3
32.3821313529781,-99.7539052347268,42.3
32.3821314222391,-99.7539052350819,42.3
32.3821314746164,-99.7539051839072,42.3
32.3821315290129,-99.7539051199413,42.3
32.3821316087871,-99.7539049097699,42.3
32.3821316497197,-99.7539048064619,42
32.3821316609625,-99.7539047521325,42
32.3821316538625,-99.7539047136678,42.3
32.3821316347055,-99.7539048593002,42.3
32.3821316408414,-99.7539048968773,42.3
32.3821316089370,-99.7539049231240,42.3
32.3821315898386,-99.7539049521552,42.3
32.3821316095818,-99.7539049553606,42.3
32.3821316555235,-99.7539049629531,42.3
32.3821316505470,-99.7539049266287,42.3
32.3821316522210,-99.7539048808554,42.3
32.3821316104221,-99.7539047649186,42
32.3821316376497,-99.7539047235224,42
32.3821317009506,-99.7539047330371,42
32.3821317605972,-99.7539047444538,42
32.3821317737941,-99.7539047397471,42.3
32.3821318058354,-99.7539048365987,42.3
32.3821318045717,-99.7539048816568,42.3
32.3821317993346,-99.7539049180319,42.3
32.3821318417068,-99.7539049171646,42.3
32.3821318661204,-99.7539050381733,42.3
32.3821318633846,-99.7539050061802,42.3
32.3821318599193,-99.7539049644594,42.3
32.3821318399611,-99.7539048678310,42.3
32.3821317377404,-99.7539046412371,42.3
32.3821317861052,-99.7539045898747,42
32.3821318423581,-99.7539045388471,42.3
32.3821318815515,-99.7539044337994,42.3
32.3821319849382,-99.7539042868484,42.3
32.3821320684904,-99.7539042740217,42.3
32.3821321705743,-99.7539042660285,42.3
32.3821322336667,-99.7539043006742,42.3
32.3821322978730,-99.7539043450577,42.3
32.3821323775169,-99.7539046802901,42.3
32.3821324350401,-99.7539047411470,42.3
32.3821324722793,-99.7539047422780,42.3
32.3821325059165,-99.7539047289949,42.3
32.3821325854171,-99.7539046555650,42.3
32.3821326423801,-99.7539046324730,42.3
32.3821326557920,-99.7539046364898,42.3
32.3821326560199,-99.7539046419218,42.3
32.3821326429598,-99.7539046390917,42.3
32.3821326701027,-99.7539045894385,42.3
32.3821327197898,-99.7539045409164,42.3
32.3821327711118,-99.7539044941541,42.3
32.3821327886730,-99.7539043735512,42.3
32.3821328245900,-99.7539043052743,42.3
32.3821328993616,-99.7539043026572,42.3
32.3821329631445,-99.7539043187349,42.3
32.3821330317932,-99.7539043734244,42.7
32.3821331675924,-99.7539045875366,42.7
32.3821332887747,-99.7539046533739,42.7
32.3821334091427,-99.7539047157320,42.3
32.3821334880636,-99.7539047074396,42.3
32.3821335991626,-99.7539046669614,42.3
32.3821336565750,-99.7539047030271,42.3
32.3821337222013,-99.7539047272857,42.3
32.3821337755947,-99.7539047040060,42.3
32.3821337390394,-99.7539046730323,42.3
32.3821337786236,-99.7539046839875,42.3
32.3821338056623,-99.7539046953636,42.3
32.3821338298089,-99.7539046288922,42.3
32.3821338010831,-99.7539045100137,42.7
32.3821338737964,-99.7539044979732,42.7
32.3821339508544,-99.7539044931601,42.7
32.3821340194640,-99.7539045181286,42.7
32.3821340856244,-99.7539045408809,42.7
32.3821342120829,-99.7539047730994,42.7
32.3821342606105,-99.7539048468539,42.7
32.3821342435249,-99.7539049166777,42.7
32.3821342195607,-99.7539049854416,42.7
32.3821341077517,-99.7539049946165,42.7
32.3821341046186,-99.7539049770426,42.7
32.3821341275210,-99.7539049756326,42.7
32.3821341513224,-99.7539049700587,42.7
32.3821341654247,-99.7539050378690,42.7
32.3821341700430,-99.7539050553719,42.7
32.3821341665972,-99.7539050429763,42.3
32.3821341585201,-99.7539050267262,42.7
32.3821341178937,-99.7539049816428,42.3
32.3821341316117,-99.7539049717476,42.3
32.3821341718212,-99.7539050120991,42.3
32.3821342386721,-99.7539051092854,42.3
32.3821344071053,-99.7539053399165,42.3
32.3821346919137,-99.7539057350269,42.3
32.3821349416453,-99.7539061215203,42.3
32.3821351956044,-99.7539065385663,42.3
32.3821354035828,-99.7539069744795,42.3
32.3821355666617,-99.7539074756976,42.3
32.3821357171429,-99.7539078766710,42.3
32.3821358253693,-99.7539081929805,42.3
32.3821358574887,-99.7539084420071,42.7
32.3821357471649,-99.7539087392718,42.7
32.3821356816428,-99.7539087115137,42.3
32.3821356111703,-99.7539086490998,42.3
32.3821355791551,-99.7539086166148,42.7
32.3821354056932,-99.7539083740953,42.3
32.3821353982480,-99.7539083061227,42.3
32.3821353893958,-99.7539082278188,42.3
32.3821353396045,-99.7539081345226,42.3
32.3821352368431,-99.7539079291137,42.3
32.3821351307077,-99.7539075306660,42.3
32.3821348922383,-99.7539070013450,42.3
32.3821346275120,-99.7539062782650,42.3
32.3821343635021,-99.7539055587658,42.3
32.3821342587606,-99.7539047731806,42.7
32.3821340768178,-99.7539042750006,42.3
32.3821339559872,-99.7539037774342,42.3
32.3821338823685,-99.7539033796307,42.3
32.3821339842310,-99.7539032655400,42.3
32.3821339695945,-99.7539032047795,42.7
32.3821340055375,-99.7539031823113,42.7
32.3821340321268,-99.7539031825700,42.3
32.3821339115568,-99.7539036022483,42.3
32.3821338383485,-99.7539036645912,42.3
32.3821337473901,-99.7539036705861,42.3
32.3821336815749,-99.7539036710121,42.7
32.3821336305460,-99.7539036290073,42.7
32.3821333984145,-99.7539036181434,42.3
32.3821333572931,-99.7539036150597,42.3
32.3821333157873,-99.7539036248128,42.7
32.3821333416665,-99.7539036081976,42.7
32.3821333938484,-99.7539035624041,42.7
32.3821333975221,-99.7539036022483,42.7
32.3821333929430,-99.7539036426860,43
32.3821333681646,-99.7539036693334,43
32.3821333904547,-99.7539037206704,43
32.3821333520690,-99.7539037182967,43
32.3821333160804,-99.7539037233990,43
32.3821332921032,-99.7539037292164,42.7
32.3821333071826,-99.7539036821296,42.7
32.3821332772648,-99.7539037040855,42.7
32.3821332626088,-99.7539037228005,42.7
32.3821332658592,-99.7539037963927,42.7
32.3821332889375,-99.7539038663940,42.7
32.3821333950339,-99.7539039299288,42.7
32.3821335029606,-99.7539039605525,42.7
32.3821336746573,-99.7539040178793,42.7
32.3821338454485,-99.7539040739940,42.7
32.3821341003455,-99.7539041858024,42.7
32.3821342247912,-99.7539042528468,43
32.3821343365351,-99.7539043102041,42.7
32.3821344291740,-99.7539043531878,42.7
32.3821345565965,-99.7539043587618,43
32.3821346355044,-99.7539043663948,43
32.3821346701837,-99.7539043657000,43
32.3821347004532,-99.7539043634481,42.7
32.3821347069084,-99.7539043801294,42.7
32.3821347479582,-99.7539043915207,42.7
32.3821348248728,-99.7539044278400,43
32.3821349033508,-99.7539044621661,42.7
32.3821349728919,-99.7539045164854,43
32.3821350906935,-99.7539046773434,43
32.3821351731058,-99.7539046774854,43
32.3821352508543,-99.7539046718455,43
32.3821353743750,-99.7539047007955,43
32.3821355471790,-99.7539047279704,43
32.3821356489958,-99.7539047171775,43
32.3821357429765,-99.7539047004709,42.7
32.3821358049226,-99.7539047217726,42.7
32.3821359071432,-99.7539047777199,43
32.3821359701705,-99.7539047730944,42.7
32.3821360241828,-99.7539047673835,42.7
32.3821360479385,-99.7539048017096,42.7
32.3821360320514,-99.7539048633019,43
32.3821360728407,-99.7539048605732,42.7
32.3821361097998,-99.7539048583720,43
32.3821361606594,-99.7539048040934,43
32.3821362099947,-99.7539047656692,42.7
32.3821361287093,-99.7539046769934,42.7
32.3821361209970,-99.7539046978640,42.7
32.3821361382129,-99.7539047479838,42.7
32.3821361501853,-99.7539047989860,43
32.3821361942965,-99.7539050163239,42.7
32.3821362160135,-99.7539051128052,42.7
32.3821362034158,-99.7539052000305,42.7
32.3821361943226,-99.7539052812000,42.7
32.3821361330019,-99.7539053716306,42.7
32.3821361277453,-99.7539054269541,42.7
32.3821361848581,-99.7539055177753,42.7
32.3821362459182,-99.7539056016835,42.7
32.3821363468036,-99.7539056861244,42.7
32.3821363807794,-99.7539057435476,42.7
32.3821363902440,-99.7539058421793,42.7
32.3821363948557,-99.7539059325846,42.7
32.3821363930970,-99.7539059829123,42.7
32.3821363148535,-99.7539060280516,42.3
32.3821363739400,-99.7539060915458,42.7
32.3821364351630,-99.7539061480003,42.7
32.3821364562220,-99.7539062188486,42.3
32.3821364916830,-99.7539063697455,42.3
32.3821365376246,-99.7539064072872,42.3
32.3821365853576,-99.7539064370841,42.7
32.3821366360413,-99.7539064689555,42.7
32.3821367327904,-99.7539064774356,42.3
32.3821367762308,-99.7539065163771,42.3
32.3821368167009,-99.7539065488773,42.7
32.3821369240414,-99.7539065808704,42.3
32.3821371459918,-99.7539066201872,42.3
32.3821372186660,-99.7539066456173,42.7
32.3821372955351,-99.7539066703070,42.3
32.3821373551556,-99.7539066524846,42.7
32.3821374169844,-99.7539066265675,42.7
32.3821374685670,-99.7539066323799,42.7
32.3821375313012,-99.7539066393232,42.7
32.3821375838478,-99.7539066219268,42.7
32.3821376279135,-99.7539066065795,42.7
32.3821376244417,-99.7539065695602,42.7
32.3821376638305,-99.7539065497649,42.7
32.3821376929080,-99.7539065379526,42.3
32.3821377244802,-99.7539065239493,42.3
32.3821377267991,-99.7539064138958,42.3
32.3821377807593,-99.7539063503661,42.3
32.3821378595108,-99.7539063250678,42.3
32.3821379508665,-99.7539063046791,42.3
32.3821380758919,-99.7539062564359,42.3
32.3821381622255,-99.7539062168503,42.7
32.3821382340855,-99.7539062240472,42.7
32.3821382917454,-99.7539062340133,42.7
32.3821383567985,-99.7539062149382,42.3
32.3821384024145,-99.7539062344850,42.7
32.3821383818700,-99.7539062545897,42.3
32.3821383585703,-99.7539062767080,42.3
32.3821383510143,-99.7539063011288,42.3
32.3821382763729,-99.7539063692434,42.7
32.3821382705887,-99.7539063769932,42.7
32.3821382656708,-99.7539063811216,42.3
32.3821383227706,-99.7539063786364,42.3
32.3821384237276,-99.7539063593787,42.7
32.3821384372697,-99.7539063151423,42.7
32.3821384424351,-99.7539062607926,42.3
32.3821384634225,-99.7539062323447,42.3
32.3821385167378,-99.7539061082777,42.3
32.3821385173370,-99.7539060753159,42.3
32.3821385268276,-99.7539060374091,42.3
32.3821385423695,-99.7539059941109,42.3
32.3821385720918,-99.7539059469277,42.3
32.3821387013252,-99.7539058443602,42.7
32.3821388291841,-99.7539057643775,42.7
32.3821389676995,-99.7539056981902,43
32.3821390948224,-99.7539056359539,43
32.3821392378063,-99.7539056035956,43.3
32.3821393147796,-99.7539055503161,43.3
32.3821393873170,-99.7539055553068,43.6
32.3821394499730,-99.7539055612763,44
32.3821394783795,-99.7539057445213,44.3
32.3821395133260,-99.7539057495627,44.6
32.3821395091637,-99.7539056917287,44.9
32.3821395017184,-99.7539056228128,45.3
32.3821394249926,-99.7539053229259,45.6
32.3821394302167,-99.7539051770145,45.9
32.3821394123429,-99.7539051106193,46.3
32.3821393944626,-99.7539050404201,46.6
32.3821394224979,-99.7539049081165,47.2
32.3821394522137,-99.7539047792516,47.6
32.3821394704783,-99.7539046396394,48.2
32.3821394858574,-99.7539044938296,48.6
32.3821395055355,-99.7539043712131,49.2
32.3821396268676,-99.7539042356635,50.2
32.3821396063231,-99.7539040781732,50.5
32.3821395920254,-99.7539039199119,51.5
32.3821396026038,-99.7539038113901,52.2
32.3821396069485,-99.7539037389543,52.8
32.3821396116188,-99.7539036644542,53.5
32.3821395891203,-99.7539036104444,54.1
32.3821395420061,-99.7539035007357,54.8
32.3821395074961,-99.7539033673011,55.8
32.3821394942667,-99.7539032097195,56.4
32.3821394902542,-99.7539030413805,57.1
32.3821394821119,-99.7539028774439,58.1
32.3821394868865,-99.7539027037846,58.7
32.3821395359548,-99.7539023783256,59.4
32.3821395184197,-99.7539021988337,60
32.3821395763272,-99.7539020507313,60.4
32.3821396227900,-99.7539019348148,60.4
32.3821397503623,-99.7539020302259,60.4
32.3821397359538,-99.7539020611996,60.7
32.3821397248152,-99.7539020890591,60.7
32.3821396962588,-99.7539021321544,60.7
32.3821396740078,-99.7539022248065,61
32.3821395844434,-99.7539022776144,61
32.3821394730643,-99.7539023803341,61
32.3821393413297,-99.7539024894949,61
32.3821389972786,-99.7539025828013,61
32.3821387485696,-99.7539026438813,61
32.3821384859276,-99.7539026141097,61
32.3821382225757,-99.7539025818174,61
32.3821379004890,-99.7539025458378,61
32.3821374265010,-99.7539022423348,61
32.3821370893024,-99.7539022051684,61
32.3821367744460,-99.7539021627883,61.4
32.3821364477150,-99.7539021273869,61.4
32.3821360155976,-99.7539020120992,61.4
32.3821357847103,-99.7539020479672,61.4
32.3821355692997,-99.7539020952721,61.4
32.3821353213919,-99.7539021311350,61.4
32.3821351449793,-99.7539022708739,61.4
32.3821348871836,-99.7539023079946,61.4
32.3821346178195,-99.7539023558828,61.4
32.3821343861375,-99.7539023970254,61.4
32.3821341490816,-99.7539024519431,61.4
32.3821339332998,-99.7539025335742,61.4
32.3821337080208,-99.7539026191815,61.4
32.3821334900634,-99.7539026904052,61.4
32.3821332673248,-99.7539027552129,61.4
32.3821331756304,-99.7539028417687,61.4
32.3821330054840,-99.7539028699579,61
32.3821327796775,-99.7539028718700,61
32.3821324837566,-99.7539027282410,61.4
32.3821319840783,-99.7539023784575,61
32.3821315508276,-99.7539019026695,61
32.3821311733217,-99.7539015071889,61
32.3821308615268,-99.7539012325039,61
32.3821306973145,-99.7539009770716,61
32.3821305050669,-99.7539007797522,61
32.3821304054843,-99.7539006697038,61
32.3821303220624,-99.7539005856738,61
32.3821305222567,-99.7539007124187,61
32.3821305038423,-99.7539007446298,61
32.3821305481164,-99.7539008424248,61
32.3821305994971,-99.7539009506474,60.7
32.3821305396290,-99.7539010143292,61
32.3821305353494,-99.7539012783431,60.7

