x,y,z
3821664733041,75394602,0
3821664630710,75394602,0
3821664662758,75394606,0
3821665096575,75394606,0
3821664641718,75394606,0
3821664223925,75394606,0
3821664103289,75394610,0
3821663596908,75394616,0
3821663082776,75394617,0
3821662572226,75394617,0
3821661924497,75394617,0
3821660385161,75394608,0
3821660255081,75394608,0
3821659818658,75394607,0
3821659493230,75394606,0
3821659987300,75394603,0
3821660411086,75394600,0
3821660026122,75394594,0
3821659672684,75394589,0
3821659610412,75394581,0
3821659610282,75394580,0
3821659705904,75394580,0
3821659771628,75394580,0
3821659232613,75394587,0
3821658823483,75394587,0
3821658707603,75394587,0
3821658556744,75394587,0
3821657698228,75394575,0
3821657200771,75394568,0
3821657089711,75394561,0
3821656919897,75394553,0
3821656268650,75394545,0
3821655492143,75394535,0
3821654400369,75394516,0
3821653149593,75394491,0
3821652285671,75394462,0
3821651745354,75394446,0
3821651109218,75394432,0
3821650715265,75394425,0
3821652105565,75394434,0
3821656482562,75394468,1
3821657964642,75394494,1
3821659371748,75394520,1
3821660548266,75394546,0
3821664668946,75394616,0
3821665739420,75394632,0
3821666858291,75394647,0
3821667548230,75394654,0
3821667357572,75394645,0
3821669497217,75394641,0
3821671513850,75394637,0
3821673234952,75394629,0
3821674834768,75394622,0
3821677453990,75394558,0
3821678941476,75394552,0
3821680249670,75394554,0
3821681317538,75394556,0
3821681797376,75394567,0
3821682625830,75394572,0
3821683175267,75394582,0
3821683904289,75394592,0
3821685228084,75394623,0
3821686575100,75394640,0
3821687783927,75394655,0
3821690613316,75394671,0
3821692055889,75394675,0
3821692743906,75394678,0
3821693313211,75394679,0
3821694195795,75394680,0
3821694904135,75394669,1
3821695171819,75394678,1
3821695349840,75394688,1
3821695979983,75394691,1
3821696050104,75394692,1
3821696478840,75394696,1
3821696889339,75394701,1
3821697310878,75394706,1
3821697045050,75394709,1
3821697786481,75394707,1
3821698611581,75394704,1
3821699646359,75394703,1
3821700946933,75394697,1
3821701911427,75394690,1
3821702822346,75394683,1
3821704056023,75394681,2
3821705266511,75394679,2
3821705237427,75394661,2
3821705716775,75394659,2
3821706386945,75394658,2
3821706895020,75394657,2
3821710175227,75394650,2
3821711659651,75394650,2
3821711647862,75394653,2
3821711661573,75394655,3
3821711159687,75394671,3
3821711917532,75394674,3
3821712179516,75394676,3
3821712395610,75394676,3
3821711715312,75394658,3
3821712014489,75394651,3
3821711386692,75394654,3
3821710724045,75394658,3
3821709167937,75394657,4
3821704006453,75394659,4
3821703896338,75394655,4
3821703801562,75394653,4
3821703492158,75394662,4
3821704202192,75394679,4
3821704983324,75394680,4
3821705640564,75394681,5
3821707071250,75394683,5
3821711598064,75394687,5
3821712332231,75394681,5
3821712988234,75394675,5
3821712779174,75394668,5
3821712457394,75394663,5
3821710560354,75394666,6
3821708954383,75394667,6
3821710266518,75394656,6
3821711446488,75394646,6
3821714528644,75394624,6
3821715469657,75394618,6
3821716084590,75394621,6
3821716693107,75394623,7
3821718139425,75394645,7
3821719069039,75394645,7
3821719990315,75394655,7
3821720688657,75394662,7
3821718078685,75394632,7
3821717660207,75394616,7
3821719322816,75394598,7
3821720912991,75394582,8
3821721932462,75394531,8
3821722200048,75394520,8
3821719983117,75394520,8
3821717814258,75394521,8
3821715200670,75394528,8
3821704234598,75394561,8
3821704614970,75394562,8
3821704889428,75394561,8
3821704289998,75394547,9
3821706245271,75394507,9
3821707218201,75394499,9
3821708146186,75394492,9
3821708229888,75394496,9
3821710318465,75394508,9
3821708764343,75394516,9
3821707249402,75394522,9
3821707244223,75394520,9
3821707625116,75394518,9
3821710808561,75394515,9
3821713907132,75394512,9
3821716330322,75394514,9
3821718452412,75394515,9
3821720724711,75394491,9
3821720984057,75394479,9
3821720519885,75394466,9
3821719995298,75394454,9
3821716156502,75394436,9
3821715453079,75394427,9
3821715314564,75394424,9
3821714991350,75394421,9
3821714588310,75394436,9
3821713756664,75394436,9
3821712496769,75394438,9
3821711323150,75394441,9
3821706683127,75394477,9
3821704898124,75394482,9
3821704177277,75394484,9
3821703686855,75394485,9
3821704194376,75394486,9
3821707403941,75394509,9
3821708190056,75394507,9
3821708992618,75394505,9
3821710285017,75394504,9
3821715815636,75394515,9
3821716716719,75394511,9
3821717662389,75394506,9
3821718918245,75394496,9
3821721571729,75394484,9
3821721617749,75394475,9
3821720952563,75394461,9
3821718019116,75394436,9
3821711832429,75394408,9
3821708167616,75394356,9
3821704227563,75394295,9
3821698762082,75394213,9
3821693123692,75394123,9
3821680125355,75393990,9
3821673601157,75393881,9
3821665972873,75393755,9
3821658305052,75393631,9
3821646302703,75393513,9
3821638119576,75393387,9
3821631255359,75393249,9
3821624513341,75393111,9
3821614721246,75392969,9
3821605373392,75392809,9
3821596390829,75392639,9
3821587553850,75392464,10
3821577090902,75392318,10
3821566531094,75392122,11
3821554679669,75391883,12
3821542884849,75391651,13
3821528078711,75391388,14
3821506433629,75391093,15
3821489786046,75390840,16
3821474357711,75390597,17
3821461765736,75390331,18
3821450761428,75390086,19
3821440559031,75389813,19
3821431213977,75389556,20
3821421183804,75389305,20
3821416771112,75389012,21
3821407876616,75388777,22
3821399214140,75388548,22
3821391159075,75388350,23
3821383293169,75388165,24
3821377531539,75388004,25
3821373902779,75387888,26
3821370001093,75387731,27
3821368598611,75387629,28
3821364359381,75387442,29
3821363675500,75387380,31
3821365486199,75387383,32
3821367105784,75387394,33
3821343641274,75387794,34
3821340872268,75387874,34
3821338930186,75387904,34
3821337236604,75387934,35
3821338101568,75387913,35
3821336944461,75387935,35
3821337026535,75387930,35
3821337475985,75387928,35
3821339829738,75387871,35
3821340407250,75387895,35
3821342087608,75387954,35
3821343238006,75388012,35
3821342334155,75388054,35
3821342039732,75388129,35
3821341752670,75388157,35
3821341427046,75388183,35
3821342134312,75388193,35
3821346535019,75388132,36
3821346890997,75388132,36
3821347153763,75388132,36
3821346561270,75388134,36
3821346458222,75388068,36
3821344489694,75388078,36
3821342547351,75388087,36
3821340645002,75388105,36
3821335854185,75388131,37
3821336262990,75388152,37
3821336673293,75388172,37
3821338349873,75388189,37
3821339832279,75388205,38
3821353087682,75388203,38
3821355417790,75388207,38
3821357738844,75388224,39
3821359901027,75388242,39
3821365067950,75388265,39
3821366125526,75388285,39
3821366074914,75388287,39
3821365751831,75388290,40
3821366180437,75388257,40
3821366662848,75388267,40
3821367993026,75388292,40
3821369419543,75388315,40
3821371069026,75388335,40
3821371935033,75388349,41
3821374663002,75388378,41
3821377245975,75388407,41
3821380446779,75388419,41
3821388323888,75388425,41
3821390415657,75388436,41
3821392191117,75388446,41
3821393443065,75388451,41
3821395335187,75388421,41
3821396446176,75388441,41
3821397335958,75388461,41
3821398604321,75388481,41
3821401629318,75388513,42
3821403090749,75388530,42
3821404519936,75388547,42
3821405477136,75388563,41
3821407345222,75388574,41
3821408598668,75388584,41
3821409660218,75388595,41
3821410748865,75388613,41
3821411692125,75388630,41
3821413396389,75388642,41
3821413756731,75388661,41
3821414079163,75388680,41
3821414309360,75388700,41
3821414121568,75388698,41
3821414246046,75388711,41
3821414449081,75388727,41
3821414523663,75388744,41
3821414984643,75388759,41
3821415005292,75388777,41
3821415070755,75388799,41
3821415117133,75388818,41
3821416061436,75388813,41
3821416315147,75388819,41
3821416330324,75388826,41
3821416345306,75388832,41
3821416445618,75388842,41
3821416580258,75388845,41
3821416887708,75388858,41
3821417248376,75388871,41
3821417603507,75388881,40
3821417806672,75388898,40
3821418437010,75388907,40
3821418951598,75388916,40
3821419322492,75388931,40
3821420255721,75388951,40
3821420407948,75388970,40
3821420636191,75388988,40
3821421052030,75389001,40
3821421788413,75389018,40
3821422503234,75389027,40
3821423224244,75389035,40
3821424070579,75389046,40
3821424872816,75389055,40
3821426492206,75389053,40
3821427121567,75389058,40
3821428124297,75389069,40
3821429079347,75389079,40
3821431026771,75389083,40
3821432032498,75389086,40
3821432519598,75389094,40
3821432869713,75389103,40
3821434068900,75389115,40
3821434604267,75389121,40
3821435018869,75389127,40
3821435079707,75389128,40
3821435093517,75389134,40
3821434655400,75389143,40
3821434186082,75389152,40
3821433821767,75389156,40
3821432189024,75389163,40
3821431965536,75389170,40
3821431652419,75389176,40
3821431350180,75389179,40
3821431376495,75389182,40
3821430677698,75389183,40
3821430014400,75389184,40
3821429789414,75389186,40
3821429490822,75389186,40
3821429028084,75389189,40
3821428583323,75389191,40
3821428400156,75389194,40
3821428685850,75389204,40
3821427978780,75389202,40
3821427232692,75389199,40
3821426272105,75389200,41
3821425275302,75389200,41
3821423709781,75389197,40
3821422791730,75389194,41
3821421693311,75389198,41
3821420749661,75389201,41
3821419198144,75389226,41
3821418330184,75389234,41
3821418009706,75389240,40
3821417755929,75389248,41
3821417656985,75389264,41
3821417056871,75389275,41
3821415763561,75389285,40
3821414649770,75389294,40
3821412119364,75389309,40
3821411382851,75389316,41
3821410576966,75389323,41
3821409619767,75389330,41
3821408773693,75389332,41
3821408130327,75389329,40
3821407145574,75389336,40
3821406243547,75389343,40
3821404946459,75389352,41
3821403339184,75389372,41
3821402172958,75389375,41
3821401047703,75389379,40
3821399522958,75389382,40
3821397437117,75389380,40
3821396150255,75389389,40
3821394832975,75389398,40
3821393645187,75389410,40
3821393137699,75389438,41
3821391910634,75389448,41
3821390790851,75389457,41
3821390050495,75389465,41
3821389293594,75389470,41
3821387911762,75389477,41
3821386831648,75389485,41
3821385343315,75389492,41
3821383956727,75389499,41
3821382345089,75389507,41
3821381558746,75389512,41
3821380398186,75389520,41
3821379264073,75389528,40
3821379256647,75389549,41
3821379058824,75389560,41
3821378071010,75389571,40
3821377147421,75389583,40
3821375099555,75389606,40
3821374386232,75389619,40
3821373816146,75389627,40
3821373395226,75389633,40
3821373413986,75389647,40
3821373669912,75389658,41
3821373981010,75389666,40
3821374377112,75389673,41
3821374047906,75389685,40
3821372819669,75389702,40
3821372199622,75389712,40
3821371629146,75389722,40
3821371476789,75389727,40
3821370813491,75389726,40
3821370523237,75389733,40
3821370301182,75389739,40
3821370633059,75389753,40
3821370931716,75389778,41
3821371245615,75389794,40
3821371442005,75389808,40
3821371326385,75389824,40
3821371167905,75389838,40
3821371927216,75389862,40
3821371907610,75389869,40
3821371463110,75389875,40
3821371032810,75389879,40
3821370428722,75389893,41
3821370157684,75389904,40
3821369755393,75389913,41
3821369348152,75389923,41
3821369766922,75389939,41
3821370000181,75389949,41
3821370513271,75389958,41
3821371108369,75389967,40
3821371966299,75389992,41
3821372144516,75390005,40
3821372172069,75390015,40
3821372230888,75390025,41
3821372103935,75390036,41
3821371332964,75390048,41
3821371497567,75390063,41
3821371696107,75390076,41
3821371815179,75390086,41
3821372482516,75390101,41
3821372815174,75390112,41
3821372936982,75390122,41
3821372885197,75390135,41
3821372711540,75390158,41
3821371881033,75390169,42
3821371335700,75390180,42
3821371136118,75390187,42
3821369392445,75390182,42
3821368799692,75390191,42
3821368276180,75390199,42
3821368015954,75390203,42
3821367624737,75390205,42
3821365396309,75390206,42
3821364489656,75390209,42
3821363813201,75390213,42
3821363258878,75390215,43
3821362557475,75390229,43
3821362086659,75390233,43
3821361684629,75390237,43
3821361494492,75390243,43
3821361691208,75390254,43
3821361755043,75390262,43
3821361555266,75390270,43
3821361308654,75390277,43
3821361065820,75390287,43
3821360575138,75390290,43
3821359419529,75390296,43
3821358357848,75390302,43
3821357436084,75390307,43
3821355316566,75390315,43
3821354190009,75390331,43
3821353119991,75390347,43
3821352586773,75390360,43
3821352005028,75390379,43
3821351266040,75390388,43
3821350648078,75390396,43
3821349852485,75390400,43
3821348430007,75390402,43
3821347486747,75390421,43
3821346414710,75390432,43
3821345368011,75390452,43
3821344713702,75390459,43
3821344149609,75390464,43
3821342822883,75390465,43
3821341646886,75390464,43
3821339563390,75390462,43
3821339077723,75390464,43
3821338969529,75390467,43
3821338970701,75390472,43
3821338484969,75390486,43
3821337984190,75390499,43
3821337481782,75390516,43
3821337009534,75390532,43
3821335397570,75390562,43
3821334507136,75390577,43
3821332993335,75390592,43
3821331404104,75390605,43
3821329847051,75390615,43
3821329161997,75390623,43
3821328335464,75390627,43
3821327650736,75390630,43
3821327109636,75390634,43
3821326461907,75390630,43
3821325902373,75390631,43
3821325190222,75390630,43
3821324184560,75390636,43
3821322540027,75390643,43
3821321147252,75390646,43
3821319746594,75390650,43
3821318946312,75390653,43
3821317820210,75390661,43
3821316959610,75390663,43
3821316268173,75390666,43
3821315821914,75390674,43
3821315535503,75390696,43
3821315694114,75390696,43
3821315833834,75390696,43
3821315758730,75390699,43
3821315456817,75390701,43
3821315050227,75390692,43
3821313903868,75390690,43
3821312925889,75390685,43
3821312059101,75390679,43
3821310026607,75390669,43
3821308902525,75390665,43
3821308472160,75390659,43
3821308080356,75390653,43
3821308333351,75390655,43
3821308038798,75390658,43
3821307990336,75390659,43
3821307912301,75390661,43
3821308426498,75390682,43
3821308359211,75390690,43
3821308194217,75390699,43
3821308117485,75390707,43
3821307876475,75390708,43
3821306938622,75390707,43
3821307009557,75390711,43
3821307129085,75390715,43
3821306818638,75390711,43
3821306361631,75390707,43
3821305983767,75390707,43
3821305531060,75390708,43
3821305584603,75390706,43
3821305528454,75390708,43
3821306048775,75390706,43
3821306679178,75390702,43
3821307226205,75390692,43
3821307973400,75390673,43
3821308320389,75390661,43
3821308724113,75390649,43
3821308938286,75390639,43
3821309055013,75390630,42
3821308638717,75390626,42
3821308765606,75390618,42
3821309127511,75390618,42
3821309664832,75390618,42
3821310487457,75390615,42
3821311078973,75390608,42
3821311460029,75390606,43
3821311819850,75390603,42
3821311158962,75390615,42
3821311315684,75390616,42
3821311764288,75390612,42
3821312150359,75390608,42
3821311637595,75390608,42
3821311572457,75390606,43
3821311385837,75390599,43
3821311212506,75390592,43
3821311549593,75390589,43
3821311647951,75390586,43
3821311697261,75390580,42
3821311790082,75390574,43
3821311746896,75390571,43
3821311383492,75390572,43
3821311184366,75390564,43
3821310985175,75390557,43
3821310917562,75390550,42
3821310772761,75390545,43
3821311030250,75390549,43
3821311288847,75390553,42
3821311528619,75390552,42
3821311516373,75390557,42
3821310768983,75390543,42
3821310090377,75390530,42
3821309505701,75390519,43
3821309257200,75390512,42
3821309018470,75390496,42
3821308935420,75390488,42
3821308912947,75390487,42
3821309028567,75390487,42
3821309922713,75390507,43
3821310488955,75390510,43
3821310454432,75390514,42
3821310371121,75390518,42
3821308660213,75390514,43
3821308412494,75390511,42
3821307837262,75390506,43
3821307166799,75390502,42
3821305770832,75390499,42
3821305533275,75390504,43
3821305102388,75390512,43
3821304762239,75390519,43
3821304471725,75390525,43
3821303433754,75390534,43
3821303957918,75390541,43
3821304558879,75390547,43
3821304667203,75390551,43
3821304825618,75390553,43
3821305278065,75390558,43
3821305695207,75390562,43
3821305532363,75390566,43
3821305444101,75390581,43
3821304820146,75390579,43
3821304194303,75390576,42
3821303803802,75390574,42
3821303024819,75390575,42
3821302948934,75390572,42
3821302809604,75390568,42
3821302842955,75390567,43
3821302996615,75390567,42
3821304659321,75390574,42
3821305198141,75390577,43
3821305649415,75390579,43
3821306012363,75390581,43
3821306501547,75390585,42
3821306790433,75390583,42
3821306878630,75390584,42
3821306998288,75390586,42
3821307164910,75390587,42
3821307348534,75390583,42
3821307225423,75390581,42
3821307300918,75390579,43
3821306653644,75390570,43
3821306853747,75390564,43
3821307266069,75390557,43
3821307891978,75390549,43
3821309068366,75390541,43
3821310181179,75390526,42
3821311652902,75390520,43
3821312702141,75390516,42
3821313619411,75390520,42
3821315394806,75390535,42
3821315530097,75390537,42
3821315647345,75390539,42
3821315654184,75390542,42
3821314978445,75390547,42
3821314642009,75390542,42
3821314283686,75390536,42
3821314138559,75390534,42
3821312924065,75390523,42
3821313529781,75390523,42
3821314222391,75390524,42
3821314746164,75390518,42
3821315290129,75390512,42
3821316087871,75390491,42
3821316497197,75390481,42
3821316609625,75390475,42
3821316538625,75390471,42
3821316347055,75390486,42
3821316408414,75390490,42
3821316089370,75390492,42
3821315898386,75390495,42
3821316095818,75390496,42
3821316555235,75390496,42
3821316505470,75390493,42
3821316522210,75390488,42
3821316104221,75390476,42
3821316376497,75390472,42
3821317009506,75390473,42
3821317605972,75390474,42
3821317737941,75390474,42
3821318058354,75390484,42
3821318045717,75390488,42
3821317993346,75390492,42
3821318417068,75390492,42
3821318661204,75390504,42
3821318633846,75390501,42
3821318599193,75390496,42
3821318399611,75390487,42
3821317377404,75390464,42
3821317861052,75390459,42
3821318423581,75390454,42
3821318815515,75390443,42
3821319849382,75390429,42
3821320684904,75390427,42
3821321705743,75390427,42
3821322336667,75390430,42
3821322978730,75390435,42
3821323775169,75390468,42
3821324350401,75390474,42
3821324722793,75390474,42
3821325059165,75390473,42
3821325854171,75390466,42
3821326423801,75390463,42
3821326557920,75390464,42
3821326560199,75390464,42
3821326429598,75390464,42
3821326701027,75390459,42
3821327197898,75390454,42
3821327711118,75390449,42
3821327886730,75390437,42
3821328245900,75390431,42
3821328993616,75390430,42
3821329631445,75390432,42
3821330317932,75390437,43
3821331675924,75390459,43
3821332887747,75390465,43
3821334091427,75390472,42
3821334880636,75390471,42
3821335991626,75390467,42
3821336565750,75390470,42
3821337222013,75390473,42
3821337755947,75390470,42
3821337390394,75390467,42
3821337786236,75390468,42
3821338056623,75390470,42
3821338298089,75390463,42
3821338010831,75390451,43
3821338737964,75390450,43
3821339508544,75390449,43
3821340194640,75390452,43
3821340856244,75390454,43
3821342120829,75390477,43
3821342606105,75390485,43
3821342435249,75390492,43
3821342195607,75390499,43
3821341077517,75390499,43
3821341046186,75390498,43
3821341275210,75390498,43
3821341513224,75390497,43
3821341654247,75390504,43
3821341700430,75390506,43
3821341665972,75390504,42
3821341585201,75390503,43
3821341178937,75390498,42
3821341316117,75390497,42
3821341718212,75390501,42
3821342386721,75390511,42
3821344071053,75390534,42
3821346919137,75390574,42
3821349416453,75390612,42
3821351956044,75390654,42
3821354035828,75390697,42
3821355666617,75390748,42
3821357171429,75390788,42
3821358253693,75390819,42
3821358574887,75390844,43
3821357471649,75390874,43
3821356816428,75390871,42
3821356111703,75390865,42
3821355791551,75390862,43
3821354056932,75390837,42
3821353982480,75390831,42
3821353893958,75390823,42
3821353396045,75390813,42
3821352368431,75390793,42
3821351307077,75390753,42
3821348922383,75390700,42
3821346275120,75390628,42
3821343635021,75390556,42
3821342587606,75390477,43
3821340768178,75390428,42
3821339559872,75390378,42
3821338823685,75390338,42
3821339842310,75390327,42
3821339695945,75390320,43
3821340055375,75390318,43
3821340321268,75390318,42
3821339115568,75390360,42
3821338383485,75390366,42
3821337473901,75390367,42
3821336815749,75390367,43
3821336305460,75390363,43
3821333984145,75390362,42
3821333572931,75390362,42
3821333157873,75390362,43
3821333416665,75390361,43
3821333938484,75390356,43
3821333975221,75390360,43
3821333929430,75390364,43
3821333681646,75390367,43
3821333904547,75390372,43
3821333520690,75390372,43
3821333160804,75390372,43
3821332921032,75390373,43
3821333071826,75390368,43
3821332772648,75390370,43
3821332626088,75390372,43
3821332658592,75390380,43
3821332889375,75390387,43
3821333950339,75390393,43
3821335029606,75390396,43
3821336746573,75390402,43
3821338454485,75390407,43
3821341003455,75390419,43
3821342247912,75390425,43
3821343365351,75390431,43
3821344291740,75390435,43
3821345565965,75390436,43
3821346355044,75390437,43
3821346701837,75390437,43
3821347004532,75390436,43
3821347069084,75390438,43
3821347479582,75390439,43
3821348248728,75390443,43
3821349033508,75390446,43
3821349728919,75390452,43
3821350906935,75390468,43
3821351731058,75390468,43
3821352508543,75390467,43
3821353743750,75390470,43
3821355471790,75390473,43
3821356489958,75390472,43
3821357429765,75390470,43
3821358049226,75390472,43
3821359071432,75390478,43
3821359701705,75390477,43
3821360241828,75390477,43
3821360479385,75390480,43
3821360320514,75390486,43
3821360728407,75390486,43
3821361097998,75390486,43
3821361606594,75390480,43
3821362099947,75390477,43
3821361287093,75390468,43
3821361209970,75390470,43
3821361382129,75390475,43
3821361501853,75390480,43
3821361942965,75390502,43
3821362160135,75390511,43
3821362034158,75390520,43
3821361943226,75390528,43
3821361330019,75390537,43
3821361277453,75390543,43
3821361848581,75390552,43
3821362459182,75390560,43
3821363468036,75390569,43
3821363807794,75390574,43
3821363902440,75390584,43
3821363948557,75390593,43
3821363930970,75390598,43
3821363148535,75390603,42
3821363739400,75390609,43
3821364351630,75390615,43
3821364562220,75390622,42
3821364916830,75390637,42
3821365376246,75390641,42
3821365853576,75390644,43
3821366360413,75390647,43
3821367327904,75390648,42
3821367762308,75390652,42
3821368167009,75390655,43
3821369240414,75390658,42
3821371459918,75390662,42
3821372186660,75390665,43
3821372955351,75390667,42
3821373551556,75390665,43
3821374169844,75390663,43
3821374685670,75390663,43
3821375313012,75390664,43
3821375838478,75390662,43
3821376279135,75390661,43
3821376244417,75390657,43
3821376638305,75390655,43
3821376929080,75390654,42
3821377244802,75390652,42
3821377267991,75390641,42
3821377807593,75390635,42
3821378595108,75390633,42
3821379508665,75390630,42
3821380758919,75390626,42
3821381622255,75390622,43
3821382340855,75390622,43
3821382917454,75390623,43
3821383567985,75390621,42
3821384024145,75390623,43
3821383818700,75390625,42
3821383585703,75390628,42
3821383510143,75390630,42
3821382763729,75390637,43
3821382705887,75390638,43
3821382656708,75390638,42
3821383227706,75390638,42
3821384237276,75390636,43
3821384372697,75390632,43
3821384424351,75390626,42
3821384634225,75390623,42
3821385167378,75390611,42
3821385173370,75390608,42
3821385268276,75390604,42
3821385423695,75390599,42
3821385720918,75390595,42
3821387013252,75390584,43
3821388291841,75390576,43
3821389676995,75390570,43
3821390948224,75390564,43
3821392378063,75390560,43
3821393147796,75390555,43
3821393873170,75390556,44
3821394499730,75390556,44
3821394783795,75390574,44
3821395133260,75390575,45
3821395091637,75390569,45
3821395017184,75390562,45
3821394249926,75390532,46
3821394302167,75390518,46
3821394123429,75390511,46
3821393944626,75390504,47
3821394224979,75390491,47
3821394522137,75390478,48
3821394704783,75390464,48
3821394858574,75390449,49
3821395055355,75390437,49
3821396268676,75390424,50
3821396063231,75390408,51
3821395920254,75390392,52
3821396026038,75390381,52
3821396069485,75390374,53
3821396116188,75390366,54
3821395891203,75390361,54
3821395420061,75390350,55
3821395074961,75390337,56
3821394942667,75390321,56
3821394902542,75390304,57
3821394821119,75390288,58
3821394868865,75390270,59
3821395359548,75390238,59
3821395184197,75390220,60
3821395763272,75390205,60
3821396227900,75390193,60
3821397503623,75390203,60
3821397359538,75390206,61
3821397248152,75390209,61
3821396962588,75390213,61
3821396740078,75390222,61
3821395844434,75390228,61
3821394730643,75390238,61
3821393413297,75390249,61
3821389972786,75390258,61
3821387485696,75390264,61
3821384859276,75390261,61
3821382225757,75390258,61
3821379004890,75390255,61
3821374265010,75390224,61
3821370893024,75390221,61
3821367744460,75390216,61
3821364477150,75390213,61
3821360155976,75390201,61
3821357847103,75390205,61
3821355692997,75390210,61
3821353213919,75390213,61
3821351449793,75390227,61
3821348871836,75390231,61
3821346178195,75390236,61
3821343861375,75390240,61
3821341490816,75390245,61
3821339332998,75390253,61
3821337080208,75390262,61
3821334900634,75390269,61
3821332673248,75390276,61
3821331756304,75390284,61
3821330054840,75390287,61
3821327796775,75390287,61
3821324837566,75390273,61
3821319840783,75390238,61
3821315508276,75390190,61
3821311733217,75390151,61
3821308615268,75390123,61
3821306973145,75390098,61
3821305050669,75390078,61
3821304054843,75390067,61
3821303220624,75390059,61
3821305222567,75390071,61
3821305038423,75390074,61
3821305481164,75390084,61
3821305994971,75390095,61
3821305396290,75390101,61
3821305353494,75390128,61
3821304530153,75390136,61
3821303831746,75390143,61
3821303631903,75390147,61
3821302823088,75390160,61
3821302921446,75390164,61
3821303077255,75390167,61
3821303543446,75390165,61
3821304262893,75390155,61
3821303660499,75390132,61
3821302479486,75390098,61
3821300544113,75390060,61
3821298026604,75390009,61
3821295081986,75389944,61
3821291883266,75389873,61
3821288440540,75389784,61
3821284751007,75389690,61
3821282755838,75389555,61
3821278585132,75389445,61
3821273459442,75389314,61
3821268046038,75389183,61
3821264363670,75389021,61
3821258561329,75388873,61
3821251721799,75388729,61
3821244362339,75388579,61
3821237027306,75388406,61
3821229454390,75388239,61
3821221865841,75388052,61
3821214291036,75387870,61
3821207302601,75387644,61
3821198616090,75387450,61
3821189314158,75387239,61
3821179628173,75387024,60
3821170068360,75386824,61
3821160755940,75386602,61
3821150703229,75386398,61
3821139904952,75386181,61
3821128965847,75385965,61
3821117603672,75385744,61
3821104814134,75385503,61
3821092263129,75385269,61
3821079280392,75385016,61
3821066717924,75384743,61
3821053398685,75384495,61
3821040678974,75384257,61
3821027972160,75384007,61
3821018244748,75383797,61
3821008282058,75383602,61
3821001230114,75383469,61
3820995792023,75383379,61
3820991683654,75383312,61
3820986493738,75383344,61
3820983224083,75383334,61
3820981389803,75383346,61
3820980197522,75383366,61
3820973873166,75383504,61
3820971629822,75383537,60
3820968727935,75383544,60
3820966047125,75383553,60
3820958148520,75383528,61
3820955513828,75383536,61
3820952680727,75383540,61
3820950246007,75383544,61
3820946704598,75383504,61
3820945833836,75383503,61
3820945065992,75383506,61
3820944638688,75383508,61
3820945438841,75383511,61
3820947376298,75383504,61
3820948381113,75383517,61
3820949555156,75383529,61
3820950865858,75383532,61
3820952772441,75383544,61
3820954023346,75383547,61
3820955238035,75383549,61
3820955766433,75383550,61
3820955455204,75383554,61
3820956455851,75383552,61
3820957331693,75383550,61
3820958214310,75383549,61
3820960241266,75383538,61
3820960466382,75383537,61
3820960571906,75383537,61
3820960662187,75383539,61
3820960678992,75383542,61
3820961767835,75383549,61
3820962079845,75383553,61
3820962296363,75383558,61
3820962455038,75383562,61
3820963523819,75383549,61
3820963827621,75383546,61
3820964255576,75383550,61
3820964672979,75383552,61
3820966235894,75383539,61
3820966617732,75383535,61
3820966816142,75383533,61
3820966755824,75383533,61
3820967140397,75383532,61
3820966790608,75383535,61
3820965995145,75383537,61
3820965080220,75383537,61
3820964220923,75383534,61
3820962921815,75383531,61
3820962210902,75383526,61
3820961779820,75383521,61
3820962350818,75383512,61
3820964099246,75383494,61
3820964748930,75383490,62
3820965311590,75383488,62
3820965890404,75383483,62
3820967030966,75383471,62
3820967264289,75383477,62
3820967561578,75383480,62
3820967768586,75383482,62
3820968541380,75383497,62
3820968888043,75383500,62
3820969122409,75383506,62
3820969593876,75383506,62
3820970005938,75383506,63
3820970116802,75383497,63
3820969885172,75383494,63
3820969488874,75383487,63
3820969120325,75383479,64
3820966711139,75383466,64
3820966003092,75383458,65
3820965996839,75383451,65
3820966100017,75383444,66
3820968703052,75383431,66
3820969528608,75383421,67
3820969905235,75383416,68
3820970379177,75383412,68
3820971731176,75383406,69
3820972744459,75383399,70
3820973880332,75383390,70
3820975093197,75383380,71
3820976743657,75383373,72
3820979756018,75383367,73
3820980583789,75383364,73
3820981445561,75383362,74
3820982659078,75383358,75
3820984027362,75383353,76
3820984839760,75383356,76
3820985550413,75383358,77
3820986064871,75383363,78
3820986235011,75383380,78
3820986701397,75383382,79
3820987104339,75383384,80
3820987633258,75383387,80
3820988335573,75383392,81
3820989138982,75383386,81
3820989972876,75383379,81
3820990550387,75383377,81
3820991070968,75383375,81
3820993494223,75383338,81
3820994284084,75383331,81
3820994423999,75383339,81
3820994209175,75383348,81
3820992745399,75383363,81
3820991592982,75383368,81
3820990250363,75383375,81
3820988541539,75383381,81
3820984854220,75383380,81
3820982130420,75383383,81
3820980008231,75383385,81
3820978239611,75383387,81
3820975244316,75383385,81
3820973250449,75383385,81
3820971661088,75383381,81
3820969682464,75383377,81
3820967529139,75383375,81
3820965625423,75383366,81
3820963261444,75383366,81
3820961075681,75383366,81
3820958226034,75383365,81
3820954877693,75383368,81
3820952406236,75383371,81
3820950158853,75383372,81
3820949186346,75383369,81
3820949588377,75383370,81
3820949350233,75383362,81
3820949250572,75383353,81
3820949472692,75383351,81
3820950995613,75383359,81
3820951406241,75383358,81
3820952003424,75383357,81
3820952554750,75383352,81
3820953387732,75383347,81
3820954291323,75383361,81
3820955481520,75383366,81
3820956293136,75383368,81
3820957136670,75383371,81
3820958451411,75383382,81
3820959592364,75383388,81
3820960485403,75383398,81
3820961337926,75383408,81
3820961551317,75383422,81
3820962126353,75383427,81
3820962440838,75383428,81
3820962840133,75383428,81
3820962185889,75383422,80
3820962547794,75383422,80
3820962916865,75383423,80
3820963316550,75383424,80
3820963713239,75383422,80
3820963948126,75383418,80
3820964823056,75383416,80
3820965698378,75383415,80
3820966269896,75383414,80
3820967586330,75383412,80
3820967861212,75383413,80
3820968203315,75383414,80
3820968601437,75383416,80
3820968781999,75383425,80
3820969293721,75383434,80
3820969698487,75383443,80
3820970036422,75383453,80
3820970618233,75383478,80
3820971020784,75383487,80
3820971308953,75383496,80
3820970805048,75383504,80
3820970416436,75383513,80
3820970702781,75383529,80
3820971054786,75383543,81
3820971543580,75383554,81
3820972081096,75383565,80
3820972966970,75383573,80
3820973550995,75383585,80
3820974297734,75383597,80
3820975068835,75383609,80
3820976152076,75383612,80
3820976736362,75383623,80
3820977114682,75383633,80
3820977494305,75383645,80
3820977413925,75383652,81
3820977705091,75383663,81
3820977988961,75383678,81
3820978279475,75383691,81
3820978689192,75383698,81
3820979364149,75383705,81
3820979570506,75383709,81
3820979840958,75383714,82
3820980489339,75383720,82
3820980831833,75383722,82
3820981633288,75383724,82
3820982516947,75383725,83
3820983244275,75383732,83
3820984385749,75383740,83
3820985349788,75383744,84
3820986184073,75383749,84
3820986430684,75383760,85
3820986375187,75383779,85
3820986159060,75383784,85
3820986061484,75383788,86
3820986310180,75383798,87
3820986746863,75383807,87
3820987795842,75383834,87
3820988573586,75383841,88
3820989359408,75383840,88
3820990096898,75383835,88
3820991136497,75383829,89
3820991831647,75383825,89
3820992996961,75383820,89
3820994374104,75383817,89
3820997590867,75383809,89
3820999434005,75383812,89
3821001093715,75383824,89
3821002720075,75383836,89
3821003703004,75383874,89
3821004555396,75383890,89
3821005278425,75383900,89
3821005799528,75383910,89
3821006167947,75383918,89
3821006139937,75383922,89
3821005944524,75383926,89
3821005336919,75383927,89
3821003956129,75383922,89
3821001524406,75383909,89
3820999335647,75383888,89
3820997114840,75383865,89
3820994992652,75383844,89
3820992317444,75383817,89
3820991975732,75383801,89
3820991923231,75383788,89
3820991595067,75383783,89
3820991789828,75383775,89
3820990968050,75383761,89
3820989943303,75383747,89
3820988365536,75383733,89
3820986752856,75383719,89
3820984246746,75383702,89
3820982471221,75383693,89
3820981076100,75383686,89
3820979936710,75383683,89
3820979289632,75383678,89
3820978465379,75383676,89
3820977423956,75383677,89
3820976395561,75383677,89
3820975432174,75383678,89
3820974464487,75383674,89
3820973738331,75383667,89
3820973396358,75383661,89
3820972582657,75383637,89
3820972435316,75383631,89
3820972707461,75383631,89
3820972958893,75383633,89
3820973137240,75383638,89
3820973336301,75383653,89
3820972447040,75383652,88
3820971499546,75383652,88
3820970910310,75383650,88
3820969426602,75383650,89
3820968996954,75383648,89
3820968691197,75383646,89
3820968864464,75383644,88
3820969151721,75383643,88
3820969955782,75383639,88
3820970846475,75383634,88
3820971842301,75383624,88
3820973350762,75383607,88
3820974769332,75383599,89
3820976515936,75383587,88
3820978819989,75383569,88
3820981561376,75383546,88
3820985018367,75383528,89
3820988774732,75383496,89
3820993147430,75383462,89
3820998256314,75383426,89
3821005145414,75383383,89
3821012171564,75383338,89
3821019302846,75383294,89
3821027269585,75383246,89
3821036039863,75383217,89
3821044772882,75383173,89
3821053378883,75383130,89
3821062679122,75383080,89
3821069461526,75383026,89
3821078353091,75382958,89
3821087995043,75382896,89
3821098412004,75382827,89
3821108480347,75382758,89
3821119819919,75382689,89
3821130245022,75382612,89
3821141422727,75382529,89
3821152484291,75382454,89
3821164333436,75382384,89
3821176002931,75382304,90
3821188497265,75382218,89
3821200525734,75382134,89
3821213637444,75382047,89
3821226193464,75381958,89
3821239809470,75381864,89
3821253145059,75381773,89
3821267049104,75381680,90
3821282303195,75381572,90
3821297549209,75381459,89
3821311214004,75381358,89
3821326084564,75381252,89
3821340653796,75381150,89
3821356713967,75381043,89
3821372093057,75380939,89
3821388861731,75380825,89
3821409053264,75380706,89
3821431405026,75380565,89
3821454664091,75380414,89
3821481216001,75380242,89
3821512526941,75380058,89
3821544176531,75379861,89
3821576773681,75379659,89
3821613166538,75379434,89
3821654685672,75379238,89
3821693929088,75379006,89
3821730799796,75378790,90
3821768667763,75378566,90
3821803225950,75378357,90
3821837412917,75378167,90
3821864017621,75378007,89
3821887794499,75377865,89
3821905681849,75377761,89
3821915529538,75377718,89
3821925667710,75377648,88
3821931958421,75377599,88
3821933732285,75377567,88
3821924854334,75377540,88
3821924644917,75377508,88
3821923782916,75377480,89
3821923354505,75377447,88
3821919246983,75377382,88
3821919655657,75377348,88
3821919870058,75377318,88
3821921590216,75377295,88
3821923232111,75377275,88
3821931605766,75377207,88
3821932376085,75377196,88
3821932816872,75377187,88
3821932870448,75377179,88
3821933104813,75377152,88
3821932008415,75377145,88
3821930667521,75377148,88
3821929432412,75377152,88
3821927927892,75377167,88
3821927048239,75377174,88
3821926361622,75377179,88
3821925753561,75377186,88
3821925103128,75377183,88
3821924381076,75377191,88
3821923781939,75377208,88
3821923077441,75377225,88
3821922366854,75377234,88
3821922417726,75377248,88
3821921738372,75377252,88
3821921039965,75377256,88
3821920186367,75377257,88
3821919324074,75377255,89
3821918922792,75377261,89
3821918673445,75377269,88
3821918449469,75377277,88
3821917800892,75377288,88
3821918032457,75377296,88
3821918382084,75377304,88
3821918441099,75377314,88
3821918368665,75377332,88
3821918526168,75377337,88
3821918657519,75377340,88
3821918642114,75377344,88
3821918602998,75377347,89
3821918040925,75377352,88
3821917849485,75377353,89
3821918223017,75377355,89
3821918684193,75377357,89
3821918368144,75377364,88
3821918135277,75377363,88
3821918315643,75377359,89
3821918656900,75377355,88
3821919129018,75377363,88
3821919713500,75377365,88
3821919688031,75377369,89
3821919701156,75377371,88
3821919828989,75377377,88
3821920580679,75377373,88
3821920897867,75377367,88
3821921165648,75377362,88
3821921530061,75377354,88
3821921462351,75377340,88
3821921043287,75377333,88
3821920565241,75377324,88
3821920437994,75377318,88
3821919725583,75377313,88
3821919490110,75377304,88
3821919271247,75377294,88
3821919791991,75377290,88
3821921090121,75377281,88
3821921327483,75377279,88
3821921519346,75377276,88
3821922005502,75377272,88
3821923308778,75377273,88
3821923410263,75377267,88
3821923644107,75377261,89
3821924626743,75377255,89
3821925909371,75377248,89
3821926918062,75377255,89
3821928132067,75377256,89
3821929483121,75377256,89
3821930826523,75377257,89
3821931022099,75377255,90
3821931646249,75377257,90
3821932081857,75377263,90
3821932449821,75377269,90
3821932242292,75377278,90
3821932497795,75377282,90
3821932982387,75377282,90
3821933587647,75377282,91
3821934455933,75377284,91
3821935260548,75377290,91
3821936250381,75377289,91
3821937314406,75377290,91
3821938732130,75377298,91
3821941274033,75377303,91
3821942302200,75377316,91
3821943225463,75377329,91
3821944150305,75377342,91
3821945765900,75377367,91
3821945561433,75377382,91
3821945083761,75377398,91
3821944392015,75377409,91
3821941901472,75377425,91
3821941423817,75377432,91
3821940947758,75377440,91
3821940426656,75377448,91
3821940012184,75377451,91
3821939417314,75377460,91
3821938793522,75377469,91
3821938250078,75377478,91
3821937725328,75377486,91
3821937035193,75377511,91
3821936659153,75377525,91
3821935919677,75377535,91
3821935182936,75377545,91
3821934329501,75377552,91
3821934041364,75377562,91
3821933905943,75377572,91
3821933857024,75377582,91
3821932680929,75377594,91
3821932409077,75377606,91
3821932566645,75377617,91
3821932880023,75377628,91
3821932913048,75377654,91
3821933460759,75377672,91
3821934240979,75377691,91
3821935058783,75377710,91
3821936038553,75377729,91
3821937318770,75377758,91
3821937636480,75377774,91
3821937754640,75377789,91
3821938020858,75377806,91
3821938607586,75377821,91
3821938923407,75377829,91
3821939498606,75377837,91
3821940431346,75377843,91
3821941347573,75377844,91
3821942303177,75377854,91
3821942988654,75377864,91
3821942667036,75377870,91
3821941693716,75377870,90
3821941978270,75377877,90
3821942229506,75377882,90
3821942085226,75377882,90
3821941843207,75377882,91
3821942122452,75377889,91
3821941686648,75377894,91
3821940923103,75377899,91
3821940163988,75377905,91
3821939749842,75377904,91
3821939696657,75377908,91
3821939557164,75377914,91
3821939483624,75377921,91
3821939131001,75377919,91
3821939036844,75377921,91
3821938770072,75377924,91
3821938380581,75377928,91
3821936797310,75377947,91
3821935940032,75377958,91
3821934877375,75377966,91
3821933802797,75377974,91
3821932936628,75377980,91
3821931408170,75377985,90
3821930542815,75377989,90
3821929696122,75377994,90
3821929010677,75378003,91
3821927588069,75378013,90
3821927316770,75378022,91
3821926986586,75378030,91
3821926626309,75378033,91
3821926977272,75378036,90
3821927162328,75378035,90
3821927364418,75378033,90
3821926981441,75378033,90
3821927053906,75378031,90
3821926691545,75378033,90
3821926520461,75378034,90
3821926101039,75378031,90
3821925787400,75378027,90
3821923841573,75378036,90
3821923187817,75378037,90
3821923295523,75378035,90
3821923656093,75378033,90
3821924189734,75378020,90
3821924748258,75378014,90
3821925010274,75378013,90
3821925213732,75378012,90
3821924895860,75378010,90
3821925217836,75378006,90
3821925724607,75378005,90
3821926191189,75378004,90
3821925779095,75377997,90
3821925604852,75377990,90
3821925737505,75377986,90
3821925849639,75377982,90
3821926012484,75377976,90
3821926473496,75377969,90
3821926397383,75377967,90
3821926277985,75377964,90
3821926429887,75377959,90
3821927728310,75377958,90
3821927878485,75377949,90
3821927992672,75377938,90
3821928175839,75377928,90
3821928588650,75377916,90
3821929219997,75377902,90
3821929785393,75377888,90
3821929219574,75377877,90
3821928169944,75377861,90
3821927623047,75377853,90
3821927058401,75377844,90
3821926776452,75377835,91
3821926589604,75377825,91
3821925674614,75377818,91
3821925489428,75377807,91
3821925856577,75377795,91
3821926284629,75377784,91
3821927770226,75377774,91
3821928403561,75377763,91
3821929415085,75377755,91
3821930606878,75377747,91
3821932877287,75377728,91
3821934217497,75377707,91
3821934867539,75377684,91
3821935530153,75377659,91
3821936162543,75377639,91
3821937430221,75377623,91
3821939122989,75377614,91
3821940861548,75377605,91
3821941521556,75377601,91
3821942002110,75377605,91
3821942120042,75377608,91
3821942123657,75377612,91
3821941907237,75377614,91
3821939410051,75377633,91
3821939237078,75377630,91
3821939094458,75377627,91
3821939271796,75377621,91
3821939411354,75377605,91
3821939914478,75377603,91
3821940453004,75377603,91
3821941147112,75377600,91
3821943238913,75377596,91
3821943983373,75377597,91
3821944814498,75377597,91
3821945571969,75377598,91
3821946348818,75377599,91
3821947526183,75377595,90
3821948217930,75377588,91
3821948723985,75377584,90
3821949211916,75377580,90
3821949057018,75377569,90
3821949367269,75377562,91
3821949564458,75377557,91
3821949646026,75377552,91
3821949371129,75377548,91
3821949179787,75377545,91
3821948944688,75377542,91
3821948571905,75377540,91
3821947531557,75377548,91
3821946574944,75377550,91
3821945310197,75377551,91
3821944005162,75377553,91
3821943011843,75377554,91
3821941189614,75377560,91
3821940633631,75377558,91
3821940156888,75377556,91
3821939609828,75377553,91
3821939592827,75377552,90
3821939443988,75377550,91
3821939318597,75377549,91
3821938866737,75377549,90
3821938515872,75377553,90
3821938382535,75377555,90
3821938343746,75377559,90
3821938422758,75377558,90
3821938381167,75377554,90
3821938510010,75377553,90
3821938445295,75377549,90
3821938123124,75377545,90
3821937665987,75377540,91
3821937236046,75377521,91
3821936492303,75377513,91
3821935500417,75377507,91
3821934629721,75377503,90
3821933612204,75377490,90
3821933152787,75377486,90
3821933514400,75377486,91
3821933947012,75377486,91
3821936632544,75377498,91
3821937243048,75377503,91
3821937617785,75377506,90
3821937954352,75377509,91
3821939305928,75377511,91
3821939859567,75377513,91
3821939937862,75377514,91
3821940048499,75377515,91
3821940550255,75377515,91
3821941203293,75377511,91
3821942151439,75377516,91
3821943170454,75377520,91
3821943608440,75377520,91
3821943882426,75377522,91
3821944195396,75377521,91
3821944375437,75377521,91
3821944836531,75377522,91
3821945606769,75377518,91
3821945767789,75377524,91
3821945987255,75377529,91
3821946409934,75377526,91
3821946945301,75377527,91
3821947041249,75377518,91
3821947039262,75377509,91
3821947455362,75377495,91
3821947891883,75377482,91
3821948565130,75377453,91
3821948846037,75377443,91
3821948474345,75377434,91
3821947874703,75377426,91
3821945823808,75377417,91
3821944469089,75377412,91
3821942908079,75377411,91
3821940899263,75377414,91
3821938106742,75377429,91
3821935164502,75377445,91
3821931996722,75377463,91
3821928479674,75377484,91
3821924763435,75377519,91
3821920399498,75377551,91
3821915744070,75377582,91
3821910646486,75377615,91
3821903894697,75377661,91
3821895802144,75377716,91
3821888287462,75377762,91
3821880764246,75377809,91
3821872550114,75377856,91
3821862920896,75377897,91
3821855097949,75377948,91
3821846988591,75378000,91
3821837362435,75378054,91
3821827525331,75378100,91
3821818342014,75378160,91
3821808618152,75378225,91
3821799418778,75378284,91
3821789821902,75378347,91
3821779391392,75378408,91
3821768226389,75378473,91
3821758371111,75378533,91
3821747969002,75378596,91
3821737039928,75378661,91
3821726058353,75378733,91
3821716078239,75378799,91
3821705472281,75378870,91
3821695209957,75378939,91
3821683792252,75379016,91
3821672837872,75379094,91
3821661265628,75379177,91
3821651429305,75379266,90
3821640441738,75379349,90
3821629485566,75379431,90
3821618506402,75379514,91
3821603347151,75379602,90
3821590501790,75379685,91
3821579430780,75379758,90
3821568284733,75379832,90
3821556408621,75379920,91
3821545337286,75380002,90
3821534043506,75380090,91
3821522084213,75380182,90
3821510622443,75380272,90
3821499990592,75380371,90
3821487851259,75380460,90
3821476447656,75380544,90
3821464867205,75380635,90
3821453406086,75380727,90
3821442513750,75380811,90
3821431086046,75380900,90
3821419840403,75380989,90
3821407640947,75381089,90
3821396937315,75381171,90
3821385613702,75381257,90
3821374548490,75381341,90
3821363136615,75381428,90
3821352125923,75381513,90
3821341663431,75381593,90
3821333247502,75381656,91
3821326469202,75381707,90
3821321679492,75381775,91
3821317956544,75381819,91
3821316539341,75381841,91
3821315718280,75381858,91
3821319291933,75381880,91
3821319722754,75381897,91
3821319834465,75381905,91
3821320082379,75381910,91
3821320259750,75381918,91
3821320358889,75381923,91
3821320694870,75381935,91
3821321089735,75381946,91
3821320982779,75381955,91
3821320123677,75381985,91
3821319495749,75381988,91
3821318783011,75381990,91
3821317799106,75381992,91
3821314695161,75381998,91
3821314351820,75381997,91
3821314240890,75381996,91
3821314699265,75381993,91
3821316166363,75381985,91
3821316439485,75381980,91
3821316687595,75381975,91
3821317055493,75381980,91
3821317654956,75381990,91
3821318051058,75381993,91
3821318197618,75381996,91
3821317960256,75381997,91
3821317466838,75381998,91
3821316315267,75381996,91
3821314976556,75381994,91
3821313664617,75381998,91
3821312430126,75382002,91
3821310087772,75382006,91
3821308712974,75382006,91
3821307980109,75382005,91
3821307591432,75382004,91
3821308401420,75382001,91
3821308873604,75382000,91
3821309329438,75382000,91
3821309755634,75382000,91
3821311505300,75381989,91
3821312134009,75381984,91
3821312638306,75381982,91
3821313016235,75381979,91
3821312499172,75381977,91
3821311591998,75381977,91
3821311422770,75381974,91
3821311147563,75381971,91
3821310666912,75381963,91
3821310211208,75381951,91
3821309840053,75381943,91
3821309619236,75381936,91
3821309728928,75381930,91
3821310689189,75381923,91
3821310853336,75381920,91
3821311101706,75381918,91
3821311863883,75381911,91
3821312871304,75381903,91
3821313519815,75381901,91
3821314056420,75381901,91
3821314589442,75381901,91
3821314924511,75381902,91
3821315005086,75381897,90
3821314727795,75381895,91
3821314156146,75381894,91
3821313370454,75381893,91
3821311575649,75381879,91
3821310328130,75381871,91
3821309448314,75381864,91
3821308621260,75381857,91
3821307109478,75381847,91
3821305982725,75381843,91
3821304988723,75381840,91
3821303966907,75381839,91
3821304328421,75381835,91
3821304024814,75381832,91
3821303334484,75381829,91
3821302734566,75381825,91
3821302526516,75381816,91
3821302722515,75381810,91
3821302778990,75381808,91
3821302883210,75381808,91
3821302852791,75381810,91
3821303167276,75381818,91
3821303337155,75381824,91
3821303487167,75381830,91
3821303582920,75381838,91
3821304188701,75381852,91
3821303824711,75381861,91
3821303461633,75381870,91
3821303545987,75381877,91
3821302820678,75381885,91
3821302611846,75381892,91
3821302403340,75381899,91
3821302478835,75381907,91
3821302571591,75381912,91
3821303668967,75381908,91
3821304489898,75381912,91
3821304932118,75381914,91
3821305461818,75381917,91
3821306603293,75381916,91
3821307495615,75381922,91
3821308289318,75381931,91
3821308859013,75381941,91
3821308909560,75381950,91
3821308949229,75381956,91
3821309324162,75381958,90
3821309747297,75381960,91
3821309040096,75381951,91
3821308609992,75381950,91
3821308661320,75381956,91
3821308685030,75381963,91
3821308990266,75381969,91
3821310271591,75381985,91
3821310197334,75381991,91
3821310097738,75381996,91
3821309988567,75382001,91
3821309668285,75382011,91
3821309855686,75382015,91
3821310176164,75382018,91
3821310557611,75382018,91
3821311142548,75382011,91
3821311397041,75382016,91
3821311638181,75382021,91
3821312121633,75382029,91
3821313059226,75382043,91
3821313638301,75382051,91
3821314234898,75382059,91
3821314817099,75382065,91
3821315281857,75382071,91
3821316266023,75382085,91
3821316569500,75382093,91
3821316212545,75382091,91
3821315781268,75382091,91
3821313800103,75382081,91
3821313378987,75382084,91
3821313255095,75382086,91
3821313198621,75382088,91
3821313559484,75382093,91
3821313698944,75382099,91
3821313765189,75382100,91
3821313731122,75382100,91
3821313662923,75382097,91
3821313372734,75382098,91
3821312956634,75382101,91
3821312563398,75382105,91
3821312441199,75382111,91
3821312392541,75382123,91
3821312344209,75382128,91
3821312301153,75382134,91
3821312630164,75382145,91
3821313147358,75382157,91
3821313298152,75382173,91
3821313401655,75382189,91
3821313086193,75382200,91
3821312529786,75382214,91
3821311825843,75382230,91
3821311052267,75382244,91
3821310339139,75382258,91
3821309536185,75382281,91
3821308641714,75382289,91
3821307851918,75382298,91
3821307417449,75382312,91
3821306972298,75382327,91
3821305749141,75382337,91
3821304732145,75382350,91
3821304359883,75382362,91
3821303812726,75382372,91
3821303889067,75382383,91
3821302930044,75382391,91
3821302105400,75382392,91
3821301461187,75382393,91
3821299408632,75382386,91
3821298450520,75382389,91
3821297999506,75382390,91
3821297613956,75382390,91
3821298445830,75382394,91
3821298475338,75382396,91
3821298217523,75382399,91
3821297961075,75382401,91
3821297388579,75382399,91
3821296666527,75382396,91
3821296089472,75382395,91
3821295681644,75382395,91
3821295529678,75382397,90
3821295105892,75382397,90
3821295244765,75382405,90
3821295384746,75382413,90
3821295795049,75382416,90
3821296587385,75382424,90
3821296626533,75382422,90
3821296601845,75382420,90
3821296266060,75382423,90
3821295632335,75382422,91
3821294854134,75382424,90
3821294159505,75382427,91
3821294025517,75382435,91
3821293874267,75382444,91
3821292662379,75382450,91
3821292305424,75382455,91
3821291738269,75382461,91
3821291106564,75382466,91
3821290902096,75382472,91
3821290558690,75382475,91
3821290285372,75382477,91
3821290066444,75382479,91
3821291060641,75382478,91
3821291278788,75382481,91
3821291265565,75382486,91
3821291349853,75382492,91
3821289765377,75382494,91
3821289332081,75382497,91
3821289483982,75382505,91
3821289655229,75382513,91
3821289795340,75382515,91
3821290354743,75382527,91
3821290378910,75382531,91
3821290275210,75382535,91
3821289907833,75382535,91
3821289076285,75382542,91
3821288451548,75382544,91
3821287882505,75382546,90
3821287479107,75382546,90
3821287045615,75382547,90
3821287052259,75382551,90
3821287108538,75382555,90
3821286946215,75382561,90
3821287326228,75382578,90
3821287232430,75382584,90
3821287108603,75382590,90
3821287056037,75382597,90
3821287118374,75382603,90
3821289350840,75382620,90
3821289792018,75382626,90
3821290025212,75382631,90
3821290293384,75382636,90
3821290640177,75382639,90
3821290824582,75382643,90
3821290897992,75382649,90
3821290965931,75382654,90
3821290693590,75382661,90
3821290755471,75382668,90
3821290724335,75382676,91
3821290662259,75382683,90
3821290210203,75382689,90
3821290154705,75382695,91
3821290629950,75382704,91
3821291148968,75382713,91
3821291341581,75382717,91
3821291961757,75382721,91
3821292035363,75382728,91
3821292157431,75382735,91
3821292273832,75382734,91
3821291995824,75382726,91
3821292242892,75382734,91
3821292477844,75382742,91
3821293152150,75382744,91
3821294224382,75382748,91
3821294908655,75382752,91
3821295555994,75382757,91
3821296103802,75382761,91
3821297133630,75382767,91
3821297136040,75382770,91
3821297088685,75382774,91
3821297396722,75382777,91
3821297698179,75382779,91
3821296216686,75382774,91
3821296115592,75382772,91
3821295921742,75382770,91
3821295739487,75382767,91
3821296269057,75382760,91
3821296696295,75382759,91
3821296790615,75382760,91
3821296789117,75382761,91
3821296237074,75382765,91
3821295929363,75382767,91
3821295573320,75382769,91
3821295275641,75382770,91
3821296076119,75382781,91
3821296490199,75382785,91
3821297368843,75382791,91
3821298245792,75382797,91
3821298681368,75382803,91
3821300057208,75382817,91
3821300556685,75382822,91
3821301020661,75382828,91
3821301503527,75382832,91
3821302573350,75382841,91
3821302760621,75382847,91
3821302907962,75382853,91
3821302973100,75382855,91
3821301831887,75382849,91
3821302446136,75382850,91
3821302911284,75382850,91
3821302713461,75382849,91
3821302241408,75382835,91
3821302281337,75382833,91
3821302397868,75382831,91
3821302243753,75382829,91
3821302126830,75382828,91
3821301834101,75382819,91
3821302041304,75382819,91
3821302547750,75382819,91
3821303143631,75382818,91
3821303837739,75382820,91
3821304281848,75382820,91
3821304561094,75382824,91
3821304828810,75382827,91
3821305186677,75382835,91
3821305732922,75382834,91
3821306420646,75382833,91
3821307124460,75382832,91
3821308038538,75382829,91
3821308740137,75382828,91
3821309439651,75382827,91
3821310098715,75382825,91
3821310610502,75382818,91
3821310782531,75382805,91
3821311641438,75382803,91
3821312551868,75382801,91
3821313206242,75382797,91
3821314131980,75382791,91
3821314557460,75382792,91
3821314929006,75382792,91
3821315315272,75382788,91
3821315139791,75382787,91
3821315521890,75382786,91
3821315987624,75382785,91
3821316553672,75382785,91
3821316974462,75382794,91
3821317702571,75382795,91
3821318395051,75382797,91
3821319065840,75382798,91
3821319713504,75382798,91
3821321695972,75382801,91
3821322803249,75382799,91
3821323536700,75382795,91
3821324178502,75382793,91
3821325113555,75382803,91
3821326012521,75382806,91
3821326528542,75382802,91
3821326976299,75382799,91
3821327495122,75382795,91
3821328093217,75382793,91
3821328382493,75382796,91
3821328715608,75382798,91
3821328362626,75382806,91
3821328763419,75382804,91
3821328870766,75382797,91
3821328948606,75382790,91
3821329488142,75382789,91
3821329488793,75382784,91
3821329510745,75382783,91
3821329493744,75382783,91
3821329712541,75382787,91
3821329394930,75382794,91
3821329207724,75382798,91
3821329026576,75382802,91
3821328832270,75382809,91
3821327856571,75382825,91
3821327813580,75382831,91
3821327794820,75382837,91
3821327846149,75382837,91
3821327869794,75382833,91
3821327408684,75382836,91
3821326953631,75382838,91
3821326830261,75382842,91
3821326738937,75382847,91
3821327659985,75382847,91
3821328277296,75382849,91
3821328614188,75382854,91
3821328945088,75382861,91
3821329177760,75382876,91
3821329227070,75382883,91
3821329612229,75382889,91
3821329984426,75382894,91
3821331219764,75382898,91
3821331706148,75382901,91
3821332256887,75382899,91
3821332790756,75382897,91
3821334026680,75382892,91
3821334590187,75382894,91
3821335125489,75382899,91
3821335654473,75382904,91
3821336225405,75382904,91
3821337062816,75382905,91
3821337686185,75382904,91
3821338325772,75382903,91
3821339072316,75382908,91
3821339765122,75382915,91
3821340477859,75382917,91
3821341135164,75382920,91
3821342238272,75382920,91
3821343845416,75382916,91
3821344518550,75382921,91
3821345201389,75382925,91
3821346268606,75382932,91
3821347428318,75382947,91
3821348278887,75382952,91
3821349035462,75382956,91
3821350036239,75382954,91
3821350936573,75382952,91
3821351779325,75382951,91
3821352761928,75382952,91
3821353254305,75382951,91
3821353689751,75382949,91
3821352682330,75382955,91
3821352947115,75382959,91
3821353699977,75382965,91
3821354484497,75382971,91
3821355043704,75382989,91
3821355390042,75382996,91
3821355688373,75382999,91
3821355902676,75383001,91
3821354477136,75382992,91
3821353928741,75383004,91
3821353790063,75383015,91
3821353400474,75383024,91
3821352817426,75383045,91
3821351896638,75383052,91
3821350942240,75383058,91
3821350080858,75383062,91
3821348008956,75383061,91
3821347555207,75383068,91
3821347258309,75383075,91
3821346700990,75383073,91
3821345553458,75383064,91
3821345135339,75383064,91
3821344722496,75383066,91
3821344213575,75383070,91
3821343993930,75383076,91
3821343310505,75383082,91
3821342768102,75383089,91
3821342074972,75383092,91
3821341565138,75383095,91
3821340820484,75383104,91
3821340932455,75383112,91
3821341283939,75383114,91
3821341644672,75383116,91
3821341398125,75383114,91
3821341165127,75383116,91
3821340947176,75383122,91
3821340734827,75383126,91
3821340258605,75383122,91
3821340064951,75383118,91
3821339509847,75383113,91
3821339005159,75383108,91
3821338759264,75383100,91
3821338845897,75383097,90
3821339100065,75383096,90
3821339336385,75383095,90
3821338933638,75383090,90
3821338430058,75383083,90
3821338148533,75383083,90
3821337751778,75383082,90
3821337375608,75383080,90
3821336895282,75383078,90
3821335938278,75383081,91
3821334883046,75383084,91
3821334162362,75383084,91
3821333530331,75383084,91
3821332890547,75383089,91
3821332072743,75383095,91
3821330692018,75383104,91
3821330066695,75383115,91
3821327157317,75383131,91
3821323946612,75383150,91
3821321207439,75383164,91
3821318009761,75383181,91
3821313196015,75383199,91
3821309262411,75383222,91
3821304652742,75383252,91
3821299958459,75383282,91
3821293426836,75383323,91
3821287822187,75383357,91
3821282151880,75383385,91
3821276427574,75383413,91
3821270388261,75383445,91
3821263982288,75383485,91
3821257051175,75383529,91
3821250211189,75383573,91
3821240999472,75383609,91
3821232867023,75383652,91
3821224457477,75383704,91
3821215786795,75383758,91
3821207724499,75383808,91
3821199537855,75383857,91
3821189821190,75383914,91
3821180390936,75383970,91
3821170783442,75384030,91
3821160954219,75384089,91
3821149978572,75384148,91
3821139453808,75384205,91
3821129338696,75384269,91
3821119034879,75384331,91
3821108314376,75384393,91
3821098073027,75384452,91
3821087845877,75384518,91
3821078484018,75384577,91
3821067517816,75384643,91
3821057065550,75384705,91
3821046525609,75384774,91
3821036522534,75384840,91
3821025582126,75384912,91
3821014851201,75384980,91
3821004418737,75385041,91
3820993493181,75385106,91
3820981607885,75385165,91
3820971034723,75385227,91
3820960673260,75385300,91
3820950361041,75385373,91
3820940510257,75385445,91
3820930182796,75385510,91
3820920580708,75385568,91
3820911193445,75385625,91
3820899306586,75385695,91
3820889554681,75385756,91
3820880398657,75385815,92
3820871511652,75385872,91
3820863509999,75385925,91
3820855893050,75385982,91
3820848619117,75386026,91
3820841175955,75386071,91
3820833902803,75386113,91
3820827117403,75386150,91
3820820600370,75386194,91
3820813973775,75386240,91
3820807691629,75386280,91
3820801155315,75386324,92
3820794721138,75386364,92
3820788152255,75386404,91
3820782690845,75386440,92
3820777012786,75386487,91
3820771827300,75386518,91
3820766544888,75386549,91
3820761759477,75386581,91
3820756921565,75386613,91
3820753325440,75386645,91
3820749029996,75386674,91
3820744737547,75386697,91
3820740331629,75386720,91
3820736955800,75386737,91
3820733388205,75386760,91
3820729250654,75386788,91
3820725411565,75386814,91
3820721731151,75386825,91
3820718445863,75386840,91
3820714913964,75386860,91
3820711575784,75386877,91
3820707721582,75386905,91
3820704072044,75386927,91
3820701348113,75386948,91
3820698626006,75386970,92
3820695164846,75386984,92
3820692716578,75386994,92
3820689242651,75387009,92
3820685905253,75387024,92
3820682922986,75387036,92
3820679368027,75387043,92
3820677088857,75387061,92
3820674795617,75387079,92
3820672663658,75387088,92
3820671409887,75387095,92
3820669416541,75387111,92
3820667479083,75387124,92
3820666366791,75387124,92
3820665892067,75387128,92
3820664976621,75387128,92
3820664131654,75387129,92
3820663360032,75387128,92
3820662791901,75387126,92
3820663903281,75387106,92
3820664024307,75387098,92
3820663984312,75387096,92
3820663803490,75387095,92
3820663942624,75387102,92
3820663662662,75387104,92
3820663012327,75387107,92
3820662349094,75387109,92
3820660450459,75387117,92
3820659551688,75387119,92
3820658806121,75387120,92
3820658032545,75387120,92
3820657433278,75387115,92
3820656898497,75387113,92
3820656505195,75387114,91
3820656146937,75387115,91
3820655496862,75387108,91
3820654728888,75387096,91
3820654573339,75387092,91
3820654424304,75387088,91
3820654312788,75387087,91
3820654621671,75387094,91
3820654963384,75387091,91
3820655384565,75387087,91
3820655697226,75387085,91
3820656588832,75387085,91
3820656525518,75387079,91
3820656483960,75387074,91
3820656399411,75387069,91
3820656070986,75387056,91
3820656140814,75387052,91
3820656256629,75387046,91
3820656462985,75387040,91
3820656522521,75387031,91
3820657590911,75387018,91
3820657734214,75387008,91
3820657319808,75386995,91
3820656879867,75386984,91
3820656956209,75386979,91
3820657178328,75386981,91
3820657510401,75386983,91
3820657939398,75386986,91
3820657832572,75386981,91
3820657991899,75386979,91
3820658287624,75386980,91
3820658496196,75386981,91
3820659383632,75386982,91
3820659643011,75386981,91
3820659782666,75386979,91
3820659917762,75386977,91
3820659571881,75386976,91
3820658973916,75386976,91
3820659098199,75386972,91
3820659260913,75386969,91
3820658865657,75386970,91
3820658184967,75386964,91
3820658117224,75386961,91
3820657992681,75386958,91
3820657972749,75386957,91
3820658322799,75386953,91
3820658658910,75386952,91
3820658915683,75386950,91
3820658683532,75386943,91
3820659168547,75386929,91
3820658585434,75386923,91
3820657866313,75386917,91
3820656880779,75386911,91
3820656020440,75386907,91
3820655943577,75386905,91
3820656190058,75386904,91
3820655982008,75386905,91
3820655687586,75386907,91
3820655179772,75386899,91
3820655020705,75386898,91
3820655738002,75386903,91
3820656737997,75386910,91
3820658652396,75386938,91
3820659714141,75386954,91
3820660705147,75386971,91
3820661910456,75386990,91
3820662003864,75386992,91
3820662721552,75387003,91
3820663297891,75387020,91
3820663939367,75387034,91
3820665156401,75387046,91
3820666737946,75387064,92
3820667450293,75387074,92
3820668029237,75387083,91
3820668903125,75387082,91
3820670672918,75387079,91
3820671263327,75387079,91
3820671868587,75387078,91
3820672029738,75387077,91
3820671639693,75387075,91
3820671517885,75387074,91
3820671128101,75387071,91
3820670660933,75387060,91
3820669975293,75387040,91
3820669013729,75387024,91
3820667966184,75387006,91
3820667192608,75386991,91
3820666461371,75386978,91
3820664602339,75386960,91
3820663883349,75386952,91
3820663419047,75386944,91
3820663065219,75386937,91
3820662753209,75386944,91
3820662749822,75386944,91
3820662631922,75386941,91
3820662664491,75386938,90
3820662081248,75386946,91
3820662325123,75386948,91
3820662937549,75386945,90
3820663494867,75386942,90
3820663944318,75386931,90
3820664241476,75386927,90
3820664773521,75386930,90
3820665262836,75386933,90
3820665169299,75386944,90
3820664565341,75386970,90
3820664238610,75386975,90
3820663907580,75386978,90
3820664207214,75386981,91
3820664418912,75386986,91
3820664862239,75386988,91
3820665565727,75386990,91
3820666402487,75386993,91
3820667379683,75386999,91
3820668225693,75387002,91
3820669010342,75387006,90
3820670275057,75387010,91
3820672077940,75387006,91
3820672598390,75387014,91
3820673039243,75387021,91
3820673557870,75387027,91
3820674119227,75387033,91
3820673065428,75387053,91
3820673346823,75387062,91
3820673640594,75387065,91
3820673938404,75387067,91
3820674186579,75387074,91
3820674617009,75387079,91
3820675112838,75387075,91
3820675654915,75387072,91
3820677730594,75387064,91
3820678778270,75387063,91
3820679462347,75387061,91
3820680140301,75387059,90
3820679061098,75387056,90
3820678934601,75387054,90
3820678939291,75387049,90
3820678785956,75387044,90
3820678643826,75387044,91
3820678190988,75387039,91
3820678152948,75387042,91
3820678224339,75387044,91
3820678154511,75387046,91
3820678248049,75387058,91
3820678313708,75387059,91
3820678296642,75387061,91
3820678206361,75387061,91
3820678534134,75387056,91
3820678150342,75387055,91
3820677834945,75387054,91
3820677144876,75387057,91
3820675816456,75387066,91
3820676142666,75387066,91
3820676660511,75387066,91
3820677175881,75387061,91
3820677758343,75387057,91
3820680606166,75387034,91
3820681797405,75387029,91
3820682589480,75387031,91
3820683326840,75387034,91
3820683451514,75387045,91
3820683715712,75387048,91
3820683789188,75387054,91
3820683841298,75387060,91
3820683515739,75387066,91
3820683675066,75387065,91
3820683576708,75387062,91
3820683535281,75387058,91
3820682421555,75387045,91
3820682264964,75387040,91
3820682147456,75387037,91
3820681972365,75387034,91
3820681861501,75387033,91
3820681599777,75387034,91
3820680977060,75387027,91
3820680328809,75387021,91
3820679594186,75387018,91
3820677523196,75387016,91
3820677435911,75387011,91
3820677311628,75387005,91
3820676890317,75386998,91
3820676746233,75386989,91
3820676584430,75386987,91
3820676429793,75386984,91
3820675920546,75386978,91
3820675650876,75386979,91
3820675546134,75386971,91
3820675512263,75386963,91
3820675786232,75386957,91
3820676145011,75386951,91
3820676936695,75386950,91
3820676886018,75386947,91
3820677126898,75386945,91
3820677409856,75386943,91
3820677773585,75386930,91
3820677940338,75386923,91
3820678454014,75386923,91
3820678896691,75386924,91
3820677731376,75386928,91
3820676958972,75386927,91
3820676273202,75386930,91
3820675488032,75386934,91
3820674481783,75386946,91
3820673853595,75386950,91
3820672981270,75386959,91
3820672173301,75386968,91
3820671639563,75386970,91
3820670936856,75386977,91
3820670757858,75386979,91
3820670712001,75386981,91
3820670191680,75386982,91
3820669496400,75386985,91
3820669136058,75386987,91
3820668748749,75386989,91
3820668742105,75386989,91
3820669300596,75386989,91
3820668685305,75386995,91
3820668014776,75387001,91
3820667698467,75387003,91
3820667419287,75387009,91
3820667073666,75387012,91
3820666726612,75387015,91
3820666374868,75387020,91
3820665951212,75387025,91
3820665110544,75387027,91
3820664604033,75387027,91
3820664479359,75387030,91
3820664361590,75387033,91
3820665502543,75387043,91
3820665621876,75387045,91
3820665412002,75387043,91
3820665236130,75387041,91
3820665510360,75387047,91
3820665950170,75387054,91
3820666600375,75387059,91
3820667348808,75387064,91
3820668164072,75387065,91
3820668651563,75387069,91
3820669333425,75387074,91
3820670098273,75387079,91
3820670760072,75387082,91
3820671888258,75387087,91
3820672562304,75387084,91
3820673273217,75387080,91
3820674110759,75387080,91
3820674709896,75387074,91
3820676008613,75387071,91
3820677261733,75387069,91
3820678089113,75387067,91
3820678913626,75387062,91
3820679451273,75387061,91
3820679891214,75387059,91
3820680709084,75387052,91
3820681015622,75387042,91
3820682099645,75387033,91
3820683162953,75387026,91
3820683775509,75387024,91
3820684313677,75387023,91
3820685260259,75387023,91
3820686177529,75387023,91
3820686542170,75387021,91
3820686807802,75387018,91
3820687019890,75387022,91
3820687415277,75387022,91
3820687402249,75387017,91
3820687387398,75387012,91
3820687023278,75387007,91
3820687171531,75387004,91
3820687583723,75387004,91
3820688010375,75387004,91
3820688425824,75387001,91
3820688605213,75386997,91
3820688577334,75386997,91
3820688486923,75386997,91
3820688780043,75386994,91
3820688977931,75386990,91
3820688886869,75386989,91
3820688746041,75386988,91
3820688935852,75386988,91
3820689332932,75386995,91
3820689146899,75386991,91
3820688972590,75386987,91
3820688726760,75386986,91
3820688046071,75386982,91
3820687811184,75386983,91
3820687549330,75386984,91
3820687502040,75386980,91
3820687991615,75386972,91
3820688129838,75386970,91
3820688304537,75386967,91
3820688076555,75386965,91
3820687891303,75386962,91
3820688000604,75386954,91
3820688331374,75386946,91
3820688809876,75386942,91
3820689352083,75386938,91
3820690906270,75386934,91
3820691219973,75386933,91
3820690580060,75386931,91
3820689630742,75386931,91
3820688169311,75386933,91
3820686958661,75386942,91
3820686151474,75386956,91
3820685696161,75386968,91
3820684956326,75386973,91
3820684755702,75386976,91
3820685543869,75386983,91
3820686435995,75386989,91
3820687130885,75386991,91
3820688514541,75386991,91
3820689501900,75386990,91
3820690481441,75386988,91
3820691942351,75386993,91
3820694150912,75386992,91
3820694720085,75387000,91
3820695207967,75387008,91
3820695870939,75387015,91
3820695920184,75387028,91
3820696161063,75387033,91
3820696229979,75387037,91
3820696222553,75387046,91
3820695167191,75387058,91
3820695306065,75387062,91
3820695513203,75387066,91
3820695310755,75387069,91
3820695044081,75387073,91
3820694191037,75387086,91
3820694352578,75387095,91
3820694679830,75387101,91
3820695051767,75387108,91
3820696659627,75387123,91
3820697497038,75387131,91
3820698310218,75387135,91
3820699126785,75387139,91
3820700006145,75387137,91
3820700375867,75387140,91
3820701006400,75387148,91
3820701581827,75387157,91
3820702260302,75387171,91
3820702432657,75387176,91
3820703124290,75387183,91
3820703985411,75387189,91
3820704751822,75387190,91
3820706450354,75387195,91
3820707280209,75387195,91
3820708155530,75387196,91
3820708884943,75387200,91
3820709617091,75387206,91
3820710400047,75387211,91
3820711040872,75387216,91
3820711054160,75387220,91
3820710794261,75387219,91
3820710595981,75387228,91
3820710378031,75387236,91
3820710445904,75387245,91
3820710296478,75387257,91
3820710082826,75387263,91
3820709812635,75387269,91
3820709591427,75387272,91
3820709542443,75387274,91
3820709697341,75387265,91
3820710155650,75387266,91
3820710843896,75387268,91
3820711519244,75387270,91
3820712617076,75387275,91
3820713276661,75387277,91
3820713461652,75387281,91
3820713523533,75387285,91
3820713090627,75387283,91
3820713396514,75387281,91
3820713863943,75387278,91
3820714424649,75387274,91
3820714043984,75387276,91
3820714125927,75387276,91
3820714093228,75387274,91
3820713976371,75387272,91
3820714148334,75387271,91
3820714152764,75387269,91
3820714148334,75387264,91
3820714167224,75387258,91
3820714278219,75387257,91
3820713876840,75387254,91
3820714206958,75387252,91
3820714487702,75387249,91
3820715104166,75387248,91
3820716166432,75387254,91
3820716571589,75387249,91
3820716900535,75387244,91
3820716641808,75387245,91
3820715976751,75387249,91
3820715533684,75387248,91
3820714936762,75387246,91
3820714366676,75387253,91
3820713707482,75387259,91
3820712720515,75387273,91
3820712391178,75387277,91
3820711867861,75387278,91
3820711388708,75387278,91
3820709307687,75387268,91
3820708526294,75387264,91
3820708262617,75387259,91
3820708045056,75387253,91
3820709272903,75387245,91
3820709337650,75387240,91
3820708755058,75387234,91
3820708021477,75387226,91
3820706320339,75387225,91
3820705219250,75387223,91
3820704613599,75387218,91
3820703920403,75387214,91
3820702718221,75387215,91
3820701523855,75387222,91
3820700337175,75387217,91
3820699355810,75387212,91
3820698752504,75387213,91
3820697869236,75387212,91
3820698193752,75387212,91
3820698652843,75387212,91
3820699079495,75387210,91
3820700769169,75387213,91
3820700224096,75387211,91
3820699006801,75387209,91
3820697311396,75387204,91
3820695101793,75387194,91
3820693264126,75387192,91
3820691653660,75387190,91
3820689760757,75387189,91
3820687632576,75387189,91
3820684973262,75387200,91
3820683121786,75387199,91
3820681636515,75387193,91
3820680562003,75387187,91
3820680790897,75387183,91
3820680675212,75387181,91
3820680904888,75387175,91
3820680949833,75387170,91
3820681756890,75387161,91
3820681461425,75387157,91
3820680961688,75387154,91
3820680739568,75387150,91
3820680802882,75387143,91
3820681345610,75387137,91
3820681442404,75387129,91
3820681690449,75387122,91
3820682664259,75387119,91
3820683281243,75387120,91
3820684396011,75387117,91
3820685528887,75387114,91
3820686696416,75387111,91
3820688895337,75387109,91
3820689212167,75387107,91
3820689433114,75387106,91
3820690024044,75387109,91
3820689880611,75387116,91
3820689621753,75387122,91
3820688828766,75387130,91
3820687958786,75387138,91
3820686595844,75387149,91
3820686398085,75387148,91
3820686316793,75387146,91
3820686491232,75387148,91
3820686730027,75387151,91
3820688051933,75387146,91
3820688355735,75387149,91
3820688823034,75387154,91
3820689291374,75387159,91
3820689670606,75387160,91
3820689827719,75387162,91
3820689695619,75387169,91
3820689559221,75387175,91
3820688442369,75387189,91
3820688278612,75387195,91
3820688678167,75387200,91
3820689060135,75387206,91
3820689797885,75387208,91
3820690033684,75387212,91
3820690186628,75387216,91
3820690300098,75387220,91
3820690278081,75387229,91
3820689785900,75387246,91
3820689626313,75387247,91
3820689430118,75387247,91
3820689631003,75387249,91
3820689960209,75387243,91
3820689664223,75387246,91
3820689344396,75387249,91
3820689120192,75387256,91
3820689027827,75387274,91
3820688828245,75387271,91
3820688762456,75387267,91
3820688786426,75387266,91
3820687964779,75387259,91
3820687824081,75387253,91
3820687734842,75387247,91
3820687876712,75387242,91
3820688124757,75387237,91
3820689080979,75387227,91
3820689928161,75387226,91
3820690378393,75387226,91
3820690777948,75387224,91
3820691399493,75387214,91
3820691911215,75387207,91
3820692368091,75387199,91
3820692798522,75387191,91
3820692109625,75387180,91
3820692211240,75387176,91
3820692764129,75387170,91
3820693382156,75387164,91
3820694618340,75387159,91
3820695361692,75387158,91
3820696007077,75387157,91
3820696624714,75387158,91
3820696953790,75387158,91
3820697264236,75387156,91
3820697443104,75387154,91
3820697635652,75387152,91
3820697851779,75387154,91
3820697888907,75387152,91
3820698316211,75387154,91
3820698772957,75387159,91
3820699259145,75387169,91
3820700165602,75387189,91
3820699877302,75387200,91
3820699466153,75387211,91
3820699337180,75387222,91
3820698724104,75387234,91
3820698417305,75387241,91
3820698120667,75387247,91
3820697926427,75387259,91
3820697612332,75387273,91
3820697792243,75387287,91
3820697508242,75387298,91
3820697236227,75387307,91
3820696959652,75387317,91
3820697397378,75387323,91
3820697445319,75387331,91
3820697843571,75387340,91
3820698271657,75387348,91
3820699669643,75387360,91
3820700056562,75387370,91
3820700338217,75387379,91
3820700707027,75387387,91
3820700270995,75387411,91
3820700057343,75387424,91
3820699589784,75387433,91
3820699035983,75387442,91
3820698442187,75387452,91
3820697166139,75387463,91
3820696668095,75387470,91
3820696196237,75387476,91
3820695200151,75387484,91
3820693369910,75387485,91
3820692875384,75387488,91
3820692418378,75387490,91
3820691671899,75387492,91
3820690502416,75387481,91
3820690123965,75387479,91
3820689701351,75387477,91
3820689192756,75387479,91
3820688758678,75387473,91
3820688162276,75387471,91
3820687590106,75387470,91
3820687057410,75387467,91
3820686557021,75387464,91
3820685215444,75387457,91
3820684479257,75387455,91
3820684196950,75387455,91
3820683938483,75387454,91
3820682791929,75387444,91
3820681898108,75387439,91
3820681129352,75387438,91
3820680189805,75387437,91
3820680108644,75387441,91
3820678982021,75387433,91
3820677317882,75387418,91
3820675486729,75387399,91
3820672942839,75387381,91
3820671249387,75387364,91
3820669931260,75387348,91
3820668680615,75387332,91
3820667908341,75387316,91
3820667255140,75387290,91
3820666385030,75387273,91
3820665422945,75387255,91
3820664576675,75387239,91
3820665558171,75387238,91
3820664600125,75387223,91
3820663781343,75387211,91
3820663261544,75387200,91
3820662658368,75387184,91
3820661845058,75387177,91
3820660759212,75387168,91
3820659311981,75387155,91
3820657515351,75387141,91
3820655931201,75387126,91
3820654502600,75387112,91
3820653633271,75387102,91
3820652713265,75387092,91
3820650152830,75387071,91
3820648591218,75387056,91
3820647211991,75387044,91
3820646066739,75387033,91
3820645334460,75387029,91
3820644678262,75387025,91
3820644227509,75387021,91
3820643926181,75387016,91
3820644072090,75387011,91
3820643935431,75387006,91
3820644030793,75386999,91
3820644145565,75386992,91
3820644655855,75386973,91
3820644689075,75386964,91
3820644774926,75386960,91
3820644767370,75386956,91
3820644565053,75386953,91
3820644630972,75386953,91
3820644442854,75386950,91
3820644288217,75386948,91
3820643793431,75386946,91
3820642574703,75386944,91
3820642716964,75386943,91
3820642943253,75386942,91
3820642859355,75386946,91
3820642702894,75386952,91
3820642942210,75386950,91
3820643294085,75386946,91
3820643704583,75386948,91
3820644457445,75386952,91
3820644364949,75386951,91
3820644233371,75386949,91
3820644806193,75386948,91
3820645326774,75386948,91
3820645983753,75386949,91
3820646561785,75386952,91
3820647052273,75386954,91
3820647497555,75386957,91
3820648234002,75386961,91
3820648764745,75386963,91
3820649384074,75386963,91
3820650122476,75386963,91
3820651100064,75386969,91
3820651991409,75386974,91
3820652808887,75386975,91
3820653614772,75386977,91
3820653989835,75386974,91
3820654504554,75386975,91
3820654778393,75386981,91
3820655048975,75386987,91
3820655243216,75386988,91
3820654455831,75386989,91
3820654604866,75386992,91
3820654745824,75386994,91
3820655014582,75386993,91
3820655505982,75386989,91
3820655937063,75386987,91
3820656409442,75386985,91
3820656554178,75386985,91
3820656589874,75386981,91
3820657072154,75386983,91
3820657591041,75386984,91
3820658300782,75386981,91
3820659976777,75386971,91
3820660708013,75386971,91
3820661457619,75386972,91
3820661569265,75386973,91
3820661613949,75386974,91
3820661147954,75386987,91
3820661418276,75386992,91
3820661795684,75386991,91
3820662228980,75386990,91
3820662960217,75386982,91
3820663375795,75386980,91
3820663780692,75386980,91
3820664131524,75386980,91
3820664715288,75386982,91
3820664820421,75386984,91
3820664900801,75386986,91
3820665054135,75386989,91
3820664557264,75386990,91
3820664589182,75386992,91
3820665213332,75386994,91
3820665815856,75386994,91
3820666100899,75386995,91
3820666923849,75386988,91
3820667390366,75386986,91
3820667848936,75386985,91
3820668270898,75386988,91
3820669154166,75386996,91
3820669521413,75387001,91
3820669987148,75387007,91
3820670157027,75387008,91
3820670065053,75387014,91
3820670789515,75387014,91
3820671532215,75387014,91
3820672052275,75387015,91
3820672518922,75387012,91
3820673109461,75387020,91
3820673581970,75387027,91
3820673822199,75387036,91
3820673988170,75387044,91
3820674898405,75387062,91
3820675412602,75387067,91
3820675168466,75387069,91
3820674826623,75387070,91
3820673024912,75387067,91
3820672584060,75387066,91
3820672837185,75387066,91
3820673153234,75387066,91
3820674063469,75387072,91
3820674199086,75387073,91
3820674305651,75387072,91
3820674450387,75387070,91
3820675884330,75387067,91
3820676595895,75387065,91
3820676851365,75387059,91
3820677063844,75387052,91
3820677546124,75387050,91
3820678160373,75387044,91
3820678103834,75387044,91
3820677959488,75387045,91
3820678099014,75387043,91
3820678034397,75387041,91
3820678019285,75387042,91
3820678078430,75387043,91
3820678161025,75387045,91
3820677759385,75387055,91
3820677986065,75387059,91
3820678331165,75387063,91
3820679268757,75387067,91
3820680890427,75387072,91
3820681624139,75387080,91
3820682415693,75387090,91
3820683363838,75387099,91
3820684357189,75387109,91
3820684716098,75387123,91
3820685567188,75387131,91
3820686127242,75387137,91
3820686658767,75387142,91
3820687378409,75387150,91
3820688433249,75387158,91
3820689112767,75387165,91
3820689870840,75387173,91
3820690585140,75387187,91
3820691724270,75387195,91
3820692463453,75387199,91
3820693147139,75387204,91
3820693653389,75387216,91
3820694327435,75387227,91
3820695001741,75387234,91
3820695633708,75387241,91
3820696189724,75387252,91
3820697005509,75387265,91
3820697823248,75387271,91
3820698723843,75387277,91
3820699367925,75387281,91
3820700315159,75387274,91
3820700950512,75387280,91
3820701548086,75387286,91
3820701907907,75387289,91
3820701686178,75387293,91
3820701811894,75387291,91
3820701978907,75387288,91
3820702070491,75387288,91
3820701554600,75387281,91
3820701686569,75387283,91
3820701720050,75387285,91
3820701436831,75387289,91
3820701192955,75387293,91
3820700476830,75387301,91
3820700292751,75387302,91
3820700313856,75387304,91
3820700341474,75387307,91
3820701006531,75387305,91
3820701235295,75387307,91
3820701819580,75387309,91
3820702281798,75387311,91
3820702803160,75387319,91
3820702461578,75387325,91
3820701864395,75387326,91
3820701219140,75387326,91
3820701350849,75387326,91
3820701221225,75387328,91
3820701116874,75387330,91
3820701035582,75387332,91
3820700621176,75387330,91
3820700111408,75387324,91
3820699493250,75387321,91
3820698862717,75387317,91
3820698774129,75387313,91
3820698951174,75387307,91
3820698562953,75387306,91
3820698207301,75387304,91
3820697783514,75387298,91
3820696860773,75387290,91
3820696290166,75387288,91
3820695690768,75387285,91
3820695590065,75387279,91
3820695825343,75387274,91
3820695365992,75387274,91
3820694852836,75387273,91
3820694756693,75387270,91
3820694657684,75387267,91
3820694318316,75387265,91
3820693809329,75387261,91
3820693184007,75387256,91
3820692548914,75387252,91
3820691514265,75387255,91
3820691078364,75387255,91
3820690804915,75387256,91
3820690564818,75387257,91
3820690486261,75387253,91
3820690371879,75387247,91
3820690188321,75387245,91
3820690016488,75387242,91
3820689242782,75387259,91
3820689097133,75387262,91
3820688995909,75387264,91
3820688974414,75387264,91
3820689311046,75387262,91
3820689242260,75387263,91
3820689073554,75387253,91
3820688696015,75387243,91
3820688524963,75387238,91
3820689098436,75387228,91
3820688741221,75387223,91
3820688378273,75387219,91
3820688260634,75387212,91
3820688332416,75387200,91
3820687968687,75387198,91
3820687696411,75387194,91
3820687819782,75387190,91
3820688031349,75387186,91
3820688349482,75387185,91
3820688655499,75387185,91
3820688321734,75387187,91
3820687720252,75387189,91
3820686777838,75387195,91
3820685557938,75387192,91
3820684186658,75387191,91
3820682761965,75387189,91
3820679481367,75387205,91
3820677831558,75387209,91
3820676250404,75387211,91
3820674622481,75387213,91
3820674378475,75387204,91
3820673723319,75387201,91
3820672888774,75387203,91
3820672187111,75387205,91
3820671496129,75387208,91
3820670974636,75387210,91
3820670555931,75387210,91
3820670138398,75387210,91
3820669623549,75387208,91
3820668769462,75387203,91
3820667885673,75387202,91
3820666988596,75387200,91
3820666920592,75387199,91
3820667048653,75387195,91
3820666891411,75387195,91
3820666725179,75387195,91
3820665943005,75387195,91
3820664333190,75387197,91
3820663652631,75387198,91
3820662944193,75387198,91
3820662376712,75387198,91
3820661576169,75387200,91
3820660693162,75387199,91
3820659795824,75387199,91
3820659303122,75387198,91
3820658867090,75387198,91
3820657293752,75387199,91
3820656801051,75387199,91
3820656675986,75387199,91
3820656587268,75387199,91
3820656858502,75387201,91
3820656654881,75387201,91
3820656619446,75387201,91
3820656504804,75387201,91
3820655674949,75387202,91
3820654900331,75387203,91
3820654550541,75387209,91
3820654279177,75387214,91
3820653974593,75387222,91
3820653537128,75387224,91
3820653022539,75387224,91
3820652359828,75387224,91
3820651562802,75387229,91
3820650503141,75387237,91
3820649637460,75387241,91
3820648788064,75387245,91
3820648176029,75387252,91
3820647504459,75387259,91
3820646694276,75387259,91
3820645889043,75387257,91
3820645440504,75387257,91
3820644947411,75387252,91
3820644122767,75387253,91
3820643280015,75387255,91
3820642796432,75387254,91
3820642167201,75387253,91
3820641874472,75387256,91
3820641605584,75387260,91
3820641450556,75387260,91
3820641436616,75387260,91
3820643172147,75387262,91
3820643884624,75387260,91
3820644158984,75387258,91
3820644413412,75387257,91
3820645796156,75387257,91
3820646629789,75387257,91
3820646840836,75387257,91
3820646985832,75387257,91
3820648068552,75387258,91
3820648834833,75387256,91
3820649344471,75387253,91
3820649846813,75387249,91
3820650406737,75387246,91
3820650860226,75387242,91
3820651332345,75387240,91
3820651782316,75387237,91
3820651721217,75387231,91
3820650871951,75387227,91
3820651062805,75387229,91
3820651290787,75387233,91
3820651220438,75387234,91
3820650835474,75387241,91
3820651102930,75387244,91
3820651334820,75387247,91
3820650834692,75387247,91
3820649842384,75387248,91
3820650223309,75387246,91
3820650747929,75387245,91
3820651256003,75387251,91
3820652482417,75387261,91
3820652376242,75387264,91
3820652197244,75387268,91
3820652059282,75387269,91
3820651882498,75387270,91
3820650137327,75387262,91
3820649782327,75387261,91
3820649926151,75387259,91
3820650104107,75387258,91
3820649519691,75387250,91
3820649128604,75387248,91
3820649151923,75387246,91
3820649224747,75387243,91
3820649950252,75387242,91
3820650233862,75387239,91
3820650412860,75387233,91
3820650509785,75387226,91
3820651654386,75387221,91
3820651977339,75387219,91
3820651943988,75387215,91
3820652042346,75387211,91
3820652649039,75387206,91
3820653544162,75387198,91
3820653909716,75387199,91
3820654210261,75387199,91
3820654708826,75387195,91
3820655544413,75387195,91
3820655977318,75387195,91
3820656417129,75387194,91
3820656782030,75387195,91
3820657387290,75387203,91
3820658270558,75387200,91
3820659198381,75387197,91
3820659794391,75387192,91
3820661432606,75387177,91
3820661951102,75387177,91
3820662453184,75387178,91
3820662867851,75387181,91
3820663226630,75387185,91
3820663337494,75387197,91
3820663701875,75387200,91
3820664031342,75387202,91
3820664402367,75387204,91
3820664986652,75387200,91
3820665564033,75387199,91
3820666222706,75387197,91
3820666913036,75387195,91
3820666760744,75387189,91
3820666927758,75387188,91
3820667806596,75387189,91
3820668737675,75387189,91
3820668814929,75387180,91
3820668840984,75387176,91
3820669039003,75387174,91
3820669274671,75387172,91
3820669605180,75387171,91
3820669959269,75387170,91
3820670279877,75387168,91
3820670544727,75387165,91
3820670289778,75387158,91
3820669695852,75387149,91
3820669169669,75387142,91
3820668625508,75387134,91
3820667805033,75387127,91
3820665555044,75387113,91
3820665005282,75387112,91
3820664522481,75387112,91
3820664300231,75387111,91
3820663737180,75387122,91
3820663460344,75387122,91
3820663148855,75387122,91
3820662640651,75387121,91
3820662119549,75387120,91
3820660834250,75387121,91
3820660307156,75387122,91
3820659967136,75387118,91
3820659714923,75387113,91
3820659566800,75387104,91
3820659435222,75387102,91
3820659238375,75387101,91
3820659046740,75387101,91
3820658089606,75387106,91
3820657654746,75387108,91
3820656993989,75387109,91
3820656309912,75387111,91
3820656066036,75387102,91
3820655870362,75387097,91
3820655286858,75387094,91
3820654629358,75387091,91
3820654394471,75387090,91
3820654530478,75387088,91
3820653974984,75387087,91
3820653406070,75387085,91
3820652661676,75387080,91
3820651490369,75387073,91
3820650706371,75387068,91
3820649899575,75387061,91
3820649260834,75387055,91
3820648720711,75387040,91
3820648322329,75387033,91
3820647886818,75387026,91
3820647074810,75387025,91
3820646176952,75387030,91
3820645275966,75387027,91
3820644443766,75387024,91
3820644099839,75387020,91
3820643821831,75387017,91
3820643814926,75387025,91
3820643879934,75387026,91
3820643927484,75387023,91
3820643978031,75387019,91
3820644902206,75387008,91
3820645138265,75387002,91
3820644700669,75386999,91
3820644064013,75386997,91
3820642668502,75387005,91
3820641798782,75387006,91
3820640916426,75387002,91
3820639999417,75386999,91
3820638632566,75386999,91
3820637506074,75386999,91
3820636325777,75386997,91
3820635241494,75386995,91
3820635084512,75386992,91
3820635479117,75386982,91
3820635409289,75386984,91
3820635324219,75386987,91
3820635897041,75386996,91
3820637705135,75387020,91
3820637694713,75387026,91
3820637690544,75387030,91
3820638198618,75387029,91
3820639056613,75387021,91
3820639151974,75387022,91
3820639192490,75387023,91
3820639020657,75387026,91
3820638496689,75387032,91
3820638676339,75387031,91
3820638849735,75387030,91
3820638715942,75387033,91
3820638477538,75387038,91
3820638339055,75387065,91
3820637916572,75387077,91
3820638008546,75387081,91
3820638090490,75387085,91
3820639068598,75387088,91
3820639072897,75387093,91
3820639211901,75387101,91
3820639417737,75387110,91
3820640281854,75387119,91
3820640627736,75387121,91
3820640910694,75387122,91
3820641176195,75387122,91
3820641121219,75387109,91
3820641091386,75387106,91
3820641387763,75387108,91
3820641743155,75387110,91
3820641790054,75387112,91
3820641959282,75387115,91
3820641887370,75387116,91
3820641848938,75387117,91
3820642403391,75387118,91
3820643362088,75387117,91
3820643623030,75387117,91
3820643827954,75387117,91
3820643797078,75387118,91
3820643278061,75387115,91
3820643566882,75387116,91
3820643842023,75387117,91
3820643731029,75387117,91
3820643545126,75387117,91
3820643352318,75387122,91
3820643144268,75387129,91
3820643051251,75387131,91
3820643043956,75387133,91
3820641638153,75387133,91
3820641364704,75387133,91
3820641508919,75387132,91
3820641698079,75387132,91
3820642376684,75387126,91
3820642616001,75387126,91
3820642709799,75387131,91
3820642823790,75387136,91
3820642628898,75387143,91
3820642670456,75387143,91
3820643181527,75387145,91
3820643719825,75387146,91
3820644464089,75387143,91
3820644654422,75387140,91
3820645597877,75387142,91
3820646578200,75387144,91
3820647236873,75387139,91
3820649302131,75387133,91
3820649705073,75387138,91
3820650052257,75387143,91
3820650373256,75387146,91
3820650549389,75387159,91
3820650877813,75387159,91
3820651221350,75387160,91
3820651724735,75387158,91
3820652438254,75387152,91
3820653144477,75387149,91
3820653835589,75387146,91
3820654545590,75387144,91
3820655653193,75387142,91
3820656242168,75387142,91
3820656795058,75387143,91
3820657267046,75387144,91
3820657761442,75387146,91
3820659029804,75387153,91
3820659968309,75387154,91
3820660546863,75387154,91
3820661031878,75387155,91
3820660832817,75387154,91
3820661008819,75387155,91
3820661591933,75387155,91
3820662178563,75387156,91
3820663116417,75387155,91
3820663415529,75387156,91
3820663667743,75387162,91
3820663875923,75387169,91
3820663105865,75387177,91
3820662904980,75387180,91
3820663189371,75387180,91
3820663534992,75387181,91
3820663688457,75387186,91
3820664063911,75387191,91
3820664682068,75387197,91
3820665334748,75387202,91
3820665544492,75387203,91
3820666114578,75387200,91
3820666114317,75387202,91
3820666139070,75387204,91
3820667064156,75387207,91
3820668456410,75387214,91
3820669245098,75387218,91
3820670059711,75387222,91
3820670703403,75387222,91
3820671833803,75387223,91
3820672370929,75387223,91
3820672962380,75387222,91
3820674012010,75387221,91
3820675159737,75387221,91
3820676274505,75387213,91
3820677058373,75387213,91
3820678079733,75387214,91
3820679095361,75387214,91
3820679611122,75387214,91
3820680143948,75387215,91
3820680835451,75387215,91
3820681508845,75387215,91
3820681446704,75387213,91
3820681706603,75387212,91
3820681916086,75387211,91
3820682226403,75387209,91
3820682202432,75387193,91
3820682708031,75387186,91
3820682834398,75387178,91
3820682935362,75387170,91
3820683339086,75387162,91
3820683357976,75387144,91
3820683827228,75387142,91
3820684312374,75387140,91
3820684758177,75387136,91
3820685513124,75387141,91
3820685527845,75387136,91
3820685580867,75387131,91
3820686013512,75387126,91
3820686014033,75387120,91
3820686160202,75387120,91
3820686334381,75387120,91
3820686354964,75387117,91
3820685518856,75387121,91
3820685891314,75387117,91
3820686184564,75387113,91
3820685974820,75387109,91
3820685636755,75387106,91
3820685801033,75387096,91
3820685780710,75387093,91
3820685615390,75387090,91
3820685476256,75387086,91
3820685529929,75387075,91
3820685713227,75387070,91
3820686048426,75387071,91
3820686299467,75387075,91
3820686721559,75387076,91
3820686723644,75387077,91
3820687160067,75387075,91
3820687794248,75387073,91
3820688264152,75387070,91
3820688398205,75387069,91
3820689035904,75387070,91
3820689827067,75387070,91
3820690847776,75387065,91
3820692945342,75387066,91
3820693966051,75387060,91
3820694782487,75387056,91
3820695114951,75387055,91
3820695189468,75387057,91
3820695432171,75387060,91
3820695449107,75387067,91
3820694837073,75387073,91
3820693939344,75387088,91
3820692964362,75387097,91
3820692027681,75387106,91
3820691012053,75387117,91
3820688646120,75387132,91
3820687210223,75387135,91
3820685688475,75387137,92
3820684735118,75387142,92
3820683935357,75387148,91
3820681743601,75387150,91
3820681326590,75387157,91
3820681588704,75387166,91
3820682046101,75387173,91
3820685335298,75387177,91
3820686743315,75387181,91
3820688207873,75387189,91
3820689665656,75387198,91
3820691697693,75387215,91
3820692873169,75387222,91
3820694070532,75387224,91
3820695247962,75387225,91
3820695930866,75387219,91
3820696831852,75387217,91
3820697160407,75387214,91
3820697405064,75387210,91
3820697519185,75387205,91
3820695680216,75387195,91
3820695658721,75387188,91
3820695593192,75387181,91
3820695604787,75387181,91
3820695152991,75387182,91
3820695400905,75387177,91
3820695676308,75387172,91
3820696175654,75387174,91
3820697546543,75387175,91
3820697638648,75387174,91
3820697665485,75387174,91
3820697990913,75387172,91
3820698567252,75387160,91
3820699116754,75387163,91
3820699757188,75387165,91
3820699525819,75387173,91
